date,company,bullish_pct,bearish_pct,neutral_pct,overall_sentiment,classified_posts,total_posts,classified_pct,total_score_weight,avg_post_weight
2025-02-12,Apple,37.0,0.0,63.0,Neutral,8,10,80.0,200,25.0
2025-02-12,Amazon,6.7114093959731544,0.0,93.28859060402685,Neutral,8,11,72.72727272727273,149,18.625
2025-02-12,Alphabet,79.94227994227994,0.0,20.057720057720058,Bullish,26,39,66.66666666666666,693,26.653846153846153
2025-02-12,Meta,100.0,0.0,0.0,Bullish,17,33,51.515151515151516,311,18.294117647058822
2025-02-12,Microsoft,100.0,0.0,0.0,Bullish,5,8,62.5,57,11.4
2025-02-12,Nvidia,70.42553191489361,0.0,29.574468085106382,Bullish,10,26,38.46153846153847,470,47.0
2025-02-12,Tesla,68.76155268022181,0.0,31.23844731977819,Bullish,18,24,75.0,541,30.055555555555557
2025-02-11,Apple,18.940281030444964,0.0,81.05971896955504,Neutral,18,28,64.28571428571429,3416,189.77777777777777
2025-02-11,Amazon,18.154937906564165,0.0,81.84506209343584,Neutral,14,26,53.84615384615385,3382,241.57142857142858
2025-02-11,Alphabet,10.580645161290322,0.0,89.41935483870968,Neutral,48,69,69.56521739130434,3100,64.58333333333333
2025-02-11,Meta,2.705551651440618,0.035137034434293744,97.25931131412509,Neutral,24,64,37.5,2846,118.58333333333333
2025-02-11,Microsoft,29.229203764945304,0.0,70.77079623505469,Neutral,9,19,47.368421052631575,3931,436.77777777777777
2025-02-11,Nvidia,62.10708577517315,0.9589770911028237,36.93393713372403,Bullish,19,42,45.23809523809524,7508,395.1578947368421
2025-02-11,Tesla,11.766571519188075,0.0,88.23342848081192,Neutral,27,53,50.943396226415096,3153,116.77777777777777
2025-02-10,Apple,99.00213827512474,0.9978617248752674,0.0,Bullish,12,21,57.14285714285714,2806,233.83333333333334
2025-02-10,Amazon,99.24242424242425,0.7575757575757576,0.0,Bullish,16,27,59.25925925925925,792,49.5
2025-02-10,Alphabet,100.0,0.0,0.0,Bullish,28,47,59.57446808510638,256,9.142857142857142
2025-02-10,Meta,99.48805460750853,0.5119453924914675,0.0,Bullish,29,72,40.27777777777778,1172,40.41379310344828
2025-02-10,Microsoft,100.0,0.0,0.0,Bullish,9,19,47.368421052631575,2528,280.8888888888889
2025-02-10,Nvidia,99.40298507462687,0.5970149253731344,0.0,Bullish,12,40,30.0,1005,83.75
2025-02-10,Tesla,99.56514467302225,0.16725204883759828,0.2676032781401572,Bullish,25,41,60.97560975609756,5979,239.16
2025-02-09,Apple,82.33713901947615,0.0,17.662860980523842,Bullish,8,13,61.53846153846154,1489,186.125
2025-02-09,Amazon,8.041958041958042,0.0,91.95804195804196,Neutral,12,19,63.1578947368421,286,23.833333333333332
2025-02-09,Alphabet,52.44122965641953,0.0,47.55877034358047,Bullish,27,50,54.0,553,20.48148148148148
2025-02-09,Meta,33.24873096446701,0.0,66.75126903553299,Neutral,20,48,41.66666666666667,394,19.7
2025-02-09,Microsoft,1.1278195488721803,0.0,98.87218045112782,Neutral,7,10,70.0,266,38.0
2025-02-09,Nvidia,98.16673637250801,0.0,1.833263627491984,Bullish,11,28,39.285714285714285,14346,1304.1818181818182
2025-02-09,Tesla,42.4507658643326,0.0,57.54923413566739,Neutral,10,16,62.5,457,45.7
2025-02-08,Apple,100.0,0.0,0.0,Bullish,13,17,76.47058823529412,231,17.76923076923077
2025-02-08,Amazon,91.42280524722503,8.577194752774975,0.0,Bullish,13,20,65.0,991,76.23076923076923
2025-02-08,Alphabet,95.676500508647,4.323499491353001,0.0,Bullish,31,51,60.78431372549019,1966,63.41935483870968
2025-02-08,Meta,99.21711899791231,0.0,0.7828810020876826,Bullish,31,67,46.26865671641791,1916,61.806451612903224
2025-02-08,Microsoft,96.58469945355192,0.0,3.415300546448088,Bullish,11,17,64.70588235294117,732,66.54545454545455
2025-02-08,Nvidia,79.71360381861575,20.286396181384248,0.0,Bullish,12,21,57.14285714285714,419,34.916666666666664
2025-02-08,Tesla,97.42002063983489,0.0,2.5799793601651184,Bullish,20,28,71.42857142857143,969,48.45
2025-02-07,Apple,91.2751677852349,1.0738255033557047,7.651006711409396,Bullish,11,16,68.75,745,67.72727272727273
2025-02-07,Amazon,81.96994991652755,3.0884808013355594,14.941569282136896,Bullish,22,38,57.89473684210527,1198,54.45454545454545
2025-02-07,Alphabet,85.1006711409396,0.0,14.899328859060404,Bullish,38,65,58.46153846153847,745,19.605263157894736
2025-02-07,Meta,49.107142857142854,0.0,50.89285714285714,Neutral,26,58,44.827586206896555,112,4.3076923076923075
2025-02-07,Microsoft,87.5,12.5,0.0,Bullish,9,23,39.130434782608695,296,32.888888888888886
2025-02-07,Nvidia,82.12290502793296,1.9087523277467413,15.968342644320298,Bullish,24,62,38.70967741935484,2148,89.5
2025-02-07,Tesla,35.90664272890485,0.3690404947137443,63.72431677638141,Neutral,32,45,71.11111111111111,10026,313.3125
2025-02-06,Apple,85.06787330316742,9.14027149321267,5.791855203619909,Bullish,13,25,52.0,1105,85.0
2025-02-06,Amazon,59.77554636739516,5.9657412876550495,34.25871234494979,Bullish,23,41,56.09756097560976,1693,73.6086956521739
2025-02-06,Alphabet,99.93136582017846,0.06863417982155114,0.0,Bullish,38,60,63.33333333333333,1457,38.3421052631579
2025-02-06,Meta,13.095238095238097,86.90476190476191,0.0,Bearish,21,54,38.88888888888889,168,8.0
2025-02-06,Microsoft,99.40119760479041,0.5988023952095809,0.0,Bullish,14,18,77.77777777777779,167,11.928571428571429
2025-02-06,Nvidia,89.75966562173458,0.10449320794148381,10.13584117032393,Bullish,16,51,31.372549019607842,957,59.8125
2025-02-06,Tesla,73.53909465020575,20.5761316872428,5.88477366255144,Bullish,38,48,79.16666666666666,2430,63.94736842105263
2025-02-05,Apple,96.59300184162063,0.0,3.4069981583793743,Bullish,8,12,66.66666666666666,2172,271.5
2025-02-05,Amazon,95.65217391304348,0.0,4.3478260869565215,Bullish,12,23,52.17391304347826,23,1.9166666666666667
2025-02-05,Alphabet,94.8729792147806,2.355658198614319,2.771362586605081,Bullish,36,68,52.94117647058824,4330,120.27777777777777
2025-02-05,Meta,49.08256880733945,44.95412844036697,5.963302752293578,Bullish,31,62,50.0,218,7.032258064516129
2025-02-05,Microsoft,27.513227513227513,67.1957671957672,5.291005291005291,Bearish,10,18,55.55555555555556,189,18.9
2025-02-05,Nvidia,94.84978540772532,4.291845493562231,0.8583690987124464,Bullish,12,51,23.52941176470588,1165,97.08333333333333
2025-02-05,Tesla,96.01593625498009,0.0,3.9840637450199203,Bullish,32,45,71.11111111111111,251,7.84375
2025-02-04,Apple,95.37037037037037,0.0,4.62962962962963,Bullish,8,17,47.05882352941176,108,13.5
2025-02-04,Amazon,25.935162094763093,8.478802992518704,65.5860349127182,Neutral,15,26,57.692307692307686,802,53.46666666666667
2025-02-04,Alphabet,63.647694225176565,23.597839634399666,12.754466140423764,Bullish,34,60,56.666666666666664,4814,141.58823529411765
2025-02-04,Meta,14.169381107491857,0.0,85.83061889250814,Neutral,26,57,45.614035087719294,614,23.615384615384617
2025-02-04,Microsoft,5.563480741797433,91.58345221112695,2.8530670470756063,Bearish,13,22,59.09090909090909,701,53.92307692307692
2025-02-04,Nvidia,49.166666666666664,25.833333333333336,25.0,Bullish,20,56,35.714285714285715,240,12.0
2025-02-04,Tesla,26.628771316134674,13.729777000437254,59.64145168342807,Neutral,34,48,70.83333333333334,2287,67.26470588235294
2025-02-03,Apple,97.58064516129032,0.0,2.4193548387096775,Bullish,9,18,50.0,124,13.777777777777779
2025-02-03,Amazon,84.79125248508946,0.0,15.208747514910536,Bullish,24,36,66.66666666666666,1006,41.916666666666664
2025-02-03,Alphabet,94.88636363636364,0.0,5.113636363636364,Bullish,32,57,56.14035087719298,528,16.5
2025-02-03,Meta,97.19626168224299,0.0,2.803738317757009,Bullish,20,52,38.46153846153847,107,5.35
2025-02-03,Microsoft,99.74616988486991,0.027196083763937992,0.22663403136614996,Bullish,20,29,68.96551724137932,11031,551.55
2025-02-03,Nvidia,95.42662116040955,0.20477815699658702,4.368600682593857,Bullish,22,54,40.74074074074074,1465,66.5909090909091
2025-02-03,Tesla,56.00756859035004,0.0,43.99243140964995,Bullish,29,45,64.44444444444444,2114,72.89655172413794
2025-02-02,Apple,31.46551724137931,0.0,68.53448275862068,Neutral,7,10,70.0,232,33.142857142857146
2025-02-02,Amazon,94.76268412438625,0.0,5.237315875613748,Bullish,12,22,54.54545454545454,611,50.916666666666664
2025-02-02,Alphabet,94.02173913043478,0.0,5.978260869565218,Bullish,29,52,55.769230769230774,184,6.344827586206897
2025-02-02,Meta,13.683483068417415,0.0,86.31651693158258,Neutral,27,60,45.0,1447,53.592592592592595
2025-02-02,Microsoft,77.37373737373737,0.0,22.626262626262626,Bullish,12,19,63.1578947368421,2475,206.25
2025-02-02,Nvidia,7.909155880250933,0.0,92.09084411974906,Neutral,21,44,47.72727272727273,12593,599.6666666666666
2025-02-02,Tesla,39.70161624533775,2.2378781599668462,58.0605055946954,Neutral,30,37,81.08108108108108,4826,160.86666666666667
2025-02-01,Apple,98.33333333333333,0.0,1.6666666666666667,Bullish,8,16,50.0,420,52.5
2025-02-01,Amazon,93.20388349514563,0.0,6.796116504854369,Bullish,13,22,59.09090909090909,103,7.923076923076923
2025-02-01,Alphabet,99.47129909365559,0.0,0.5287009063444109,Bullish,40,61,65.57377049180327,1324,33.1
2025-02-01,Meta,99.84472049689441,0.0,0.15527950310559005,Bullish,24,47,51.06382978723404,644,26.833333333333332
2025-02-01,Microsoft,99.01960784313727,0.0,0.9803921568627451,Bullish,11,19,57.89473684210527,714,64.9090909090909
2025-02-01,Nvidia,98.06013579049466,0.38797284190106696,1.5518913676042678,Bullish,23,51,45.09803921568628,1031,44.82608695652174
2025-02-01,Tesla,100.0,0.0,0.0,Bullish,21,39,53.84615384615385,552,26.285714285714285
2025-01-31,Apple,99.81801637852593,0.0,0.18198362147406735,Bullish,7,17,41.17647058823529,1099,157.0
2025-01-31,Amazon,49.23076923076923,50.0,0.7692307692307693,Bearish,11,14,78.57142857142857,130,11.818181818181818
2025-01-31,Alphabet,97.32468585326308,2.63477908390758,0.040535062829347386,Bullish,31,52,59.61538461538461,2467,79.58064516129032
2025-01-31,Meta,71.98275862068965,28.01724137931034,0.0,Bullish,28,66,42.42424242424242,232,8.285714285714286
2025-01-31,Microsoft,82.16346153846153,0.0,17.836538461538463,Bullish,9,16,56.25,2080,231.11111111111111
2025-01-31,Nvidia,96.08076009501187,3.859857482185273,0.05938242280285036,Bullish,24,56,42.857142857142854,1684,70.16666666666667
2025-01-31,Tesla,7.507047432283367,0.39833312905993384,92.0946194386567,Neutral,24,39,61.53846153846154,16318,679.9166666666666
2025-01-30,Apple,7.319148936170213,0.0,92.68085106382978,Neutral,13,25,52.0,1175,90.38461538461539
2025-01-30,Amazon,49.122807017543856,0.0,50.877192982456144,Neutral,18,30,60.0,114,6.333333333333333
2025-01-30,Alphabet,100.0,0.0,0.0,Bullish,33,47,70.2127659574468,1160,35.15151515151515
2025-01-30,Meta,98.48484848484848,0.0,1.5151515151515151,Bullish,23,49,46.93877551020408,792,34.43478260869565
2025-01-30,Microsoft,71.3970293054998,0.0,28.6029706945002,Bullish,16,25,64.0,4982,311.375
2025-01-30,Nvidia,52.367941712204,0.0,47.63205828779599,Bullish,13,37,35.13513513513514,1098,84.46153846153847
2025-01-30,Tesla,99.74693400817598,0.03893322951138797,0.21413276231263384,Bullish,15,26,57.692307692307686,5137,342.46666666666664
2025-01-29,Apple,1.1363636363636365,0.0,98.86363636363636,Neutral,7,12,58.333333333333336,352,50.285714285714285
2025-01-29,Amazon,86.58280922431865,10.69182389937107,2.7253668763102725,Bullish,28,37,75.67567567567568,477,17.035714285714285
2025-01-29,Alphabet,88.96247240618102,0.0,11.037527593818984,Bullish,38,52,73.07692307692307,453,11.921052631578947
2025-01-29,Meta,66.07287449392713,31.821862348178136,2.1052631578947367,Bullish,9,18,50.0,1235,137.22222222222223
2025-01-29,Microsoft,87.90479906359735,0.0,12.095200936402653,Bullish,14,18,77.77777777777779,2563,183.07142857142858
2025-01-29,Nvidia,90.2439024390244,0.0,9.75609756097561,Bullish,14,35,40.0,451,32.214285714285715
2025-01-29,Tesla,82.81671159029649,0.0,17.183288409703504,Bullish,16,32,50.0,2968,185.5
2025-01-28,Apple,54.54545454545454,0.0,45.45454545454545,Bullish,7,14,50.0,110,15.714285714285714
2025-01-28,Amazon,100.0,0.0,0.0,Bullish,11,15,73.33333333333333,12,1.0909090909090908
2025-01-28,Alphabet,100.0,0.0,0.0,Bullish,14,20,70.0,61,4.357142857142857
2025-01-28,Meta,47.752808988764045,0.0,52.24719101123596,Neutral,11,17,64.70588235294117,178,16.181818181818183
2025-01-28,Microsoft,83.09948979591837,0.0,16.90051020408163,Bullish,10,19,52.63157894736842,1568,156.8
2025-01-28,Nvidia,54.68564650059312,0.0,45.31435349940688,Bullish,15,51,29.411764705882355,843,56.2
2025-01-28,Tesla,30.571428571428573,0.5714285714285714,68.85714285714286,Neutral,29,43,67.44186046511628,350,12.068965517241379
2025-01-27,Apple,0.0,0.0,100.0,Neutral,3,10,30.0,16917,5639.0
2025-01-27,Amazon,0.23336486912645854,0.46042257962787764,99.30621255124566,Neutral,21,28,75.0,15855,755.0
2025-01-27,Alphabet,0.13953193378575507,0.0,99.86046806621425,Neutral,9,16,56.25,15767,1751.888888888889
2025-01-27,Meta,0.5233447018699283,0.0,99.47665529813007,Neutral,8,15,53.333333333333336,17006,2125.75
2025-01-27,Microsoft,3.266007735281478,0.0,96.73399226471852,Neutral,12,23,52.17391304347826,16289,1357.4166666666667
2025-01-27,Nvidia,44.598926928124115,0.0,55.401073071875885,Neutral,33,89,37.07865168539326,60201,1824.2727272727273
2025-01-27,Tesla,16.975581053250956,0.014710208884966165,83.00970873786407,Neutral,21,33,63.63636363636363,20394,971.1428571428571
2025-01-26,Apple,12.625250501002002,0.0,87.374749498998,Neutral,10,15,66.66666666666666,998,99.8
2025-01-26,Amazon,95.92684954280965,4.073150457190358,0.0,Bullish,15,19,78.94736842105263,1203,80.2
2025-01-26,Alphabet,51.398416886543544,2.5857519788918206,46.01583113456464,Bullish,16,24,66.66666666666666,1895,118.4375
2025-01-26,Meta,24.521651560926486,31.017119838872105,44.46122860020141,Neutral,12,16,75.0,1986,165.5
2025-01-26,Microsoft,50.56360708534622,2.63016639828234,46.806226516371446,Bullish,7,10,70.0,1863,266.14285714285717
2025-01-26,Nvidia,52.43041130037391,0.04154549231408392,47.528043207312,Bullish,10,18,55.55555555555556,2407,240.7
2025-01-26,Tesla,20.121422376409367,4.24978317432784,75.6287944492628,Neutral,11,20,55.00000000000001,1153,104.81818181818181
2025-01-25,Apple,100.0,0.0,0.0,Bullish,3,6,50.0,211,70.33333333333333
2025-01-25,Amazon,100.0,0.0,0.0,Bullish,9,12,75.0,213,23.666666666666668
2025-01-25,Alphabet,100.0,0.0,0.0,Bullish,9,12,75.0,350,38.888888888888886
2025-01-25,Meta,100.0,0.0,0.0,Bullish,5,7,71.42857142857143,713,142.6
2025-01-25,Microsoft,100.0,0.0,0.0,Bullish,4,12,33.33333333333333,680,170.0
2025-01-25,Nvidia,100.0,0.0,0.0,Bullish,6,15,40.0,642,107.0
2025-01-25,Tesla,100.0,0.0,0.0,Bullish,9,15,60.0,1008,112.0
2025-01-24,Apple,100.0,0.0,0.0,Bullish,3,6,50.0,9,3.0
2025-01-24,Amazon,100.0,0.0,0.0,Bullish,12,18,66.66666666666666,224,18.666666666666668
2025-01-24,Alphabet,100.0,0.0,0.0,Bullish,12,19,63.1578947368421,101,8.416666666666666
2025-01-24,Meta,75.0,25.0,0.0,Bullish,4,9,44.44444444444444,4,1.0
2025-01-24,Microsoft,90.58823529411765,9.411764705882353,0.0,Bullish,8,14,57.14285714285714,85,10.625
2025-01-24,Nvidia,100.0,0.0,0.0,Bullish,2,15,13.333333333333334,16,8.0
2025-01-24,Tesla,95.35911602209944,1.7127071823204418,2.9281767955801103,Bullish,29,37,78.37837837837837,1810,62.41379310344828
2025-01-23,Apple,100.0,0.0,0.0,Bullish,2,9,22.22222222222222,100,50.0
2025-01-23,Amazon,74.38271604938271,24.074074074074073,1.5432098765432098,Bullish,13,22,59.09090909090909,324,24.923076923076923
2025-01-23,Alphabet,100.0,0.0,0.0,Bullish,20,28,71.42857142857143,390,19.5
2025-01-23,Meta,100.0,0.0,0.0,Bullish,5,8,62.5,8,1.6
2025-01-23,Microsoft,100.0,0.0,0.0,Bullish,6,13,46.15384615384615,233,38.833333333333336
2025-01-23,Nvidia,100.0,0.0,0.0,Bullish,4,14,28.57142857142857,43,10.75
2025-01-23,Tesla,74.46808510638297,0.0,25.53191489361702,Bullish,13,22,59.09090909090909,47,3.6153846153846154
2025-01-22,Apple,100.0,0.0,0.0,Bullish,3,5,60.0,17,5.666666666666667
2025-01-22,Amazon,100.0,0.0,0.0,Bullish,15,21,71.42857142857143,423,28.2
2025-01-22,Alphabet,96.58536585365853,1.6260162601626018,1.788617886178862,Bullish,13,17,76.47058823529412,615,47.30769230769231
2025-01-22,Meta,100.0,0.0,0.0,Bullish,6,10,60.0,22,3.6666666666666665
2025-01-22,Microsoft,22.169811320754718,0.0,77.83018867924528,Neutral,15,20,75.0,424,28.266666666666666
2025-01-22,Nvidia,100.0,0.0,0.0,Bullish,4,16,25.0,388,97.0
2025-01-22,Tesla,98.06392694063926,0.182648401826484,1.7534246575342465,Bullish,20,26,76.92307692307693,5475,273.75
2025-01-21,Apple,100.0,0.0,0.0,Bullish,4,6,66.66666666666666,139,34.75
2025-01-21,Amazon,46.34146341463415,0.0,53.65853658536586,Neutral,14,20,70.0,41,2.9285714285714284
2025-01-21,Alphabet,13.355048859934854,86.64495114006515,0.0,Bearish,12,13,92.3076923076923,307,25.583333333333332
2025-01-21,Meta,100.0,0.0,0.0,Bullish,8,14,57.14285714285714,61,7.625
2025-01-21,Microsoft,21.994134897360702,78.00586510263929,0.0,Bearish,10,14,71.42857142857143,341,34.1
2025-01-21,Nvidia,100.0,0.0,0.0,Bullish,6,13,46.15384615384615,208,34.666666666666664
2025-01-21,Tesla,9.64172813487882,0.0,90.35827186512118,Neutral,15,20,75.0,1898,126.53333333333333
2025-01-20,Apple,100.0,0.0,0.0,Bullish,3,7,42.857142857142854,208,69.33333333333333
2025-01-20,Amazon,100.0,0.0,0.0,Bullish,14,22,63.63636363636363,240,17.142857142857142
2025-01-20,Alphabet,100.0,0.0,0.0,Bullish,9,16,56.25,247,27.444444444444443
2025-01-20,Meta,100.0,0.0,0.0,Bullish,6,9,66.66666666666666,254,42.333333333333336
2025-01-20,Microsoft,100.0,0.0,0.0,Bullish,11,17,64.70588235294117,687,62.45454545454545
2025-01-20,Nvidia,100.0,0.0,0.0,Bullish,6,19,31.57894736842105,254,42.333333333333336
2025-01-20,Tesla,96.13259668508287,3.867403314917127,0.0,Bullish,14,23,60.86956521739131,181,12.928571428571429
2025-01-19,Apple,100.0,0.0,0.0,Bullish,5,7,71.42857142857143,151,30.2
2025-01-19,Amazon,100.0,0.0,0.0,Bullish,4,12,33.33333333333333,38,9.5
2025-01-19,Alphabet,100.0,0.0,0.0,Bullish,6,12,50.0,28,4.666666666666667
2025-01-19,Meta,100.0,0.0,0.0,Bullish,6,10,60.0,13,2.1666666666666665
2025-01-19,Microsoft,100.0,0.0,0.0,Bullish,6,13,46.15384615384615,63,10.5
2025-01-19,Nvidia,58.87096774193549,41.12903225806452,0.0,Bullish,4,13,30.76923076923077,124,31.0
2025-01-19,Tesla,100.0,0.0,0.0,Bullish,18,22,81.81818181818183,217,12.055555555555555
2025-01-18,Apple,2.0408163265306123,0.0,97.95918367346938,Neutral,2,4,50.0,49,24.5
2025-01-18,Amazon,100.0,0.0,0.0,Bullish,4,5,80.0,12,3.0
2025-01-18,Alphabet,100.0,0.0,0.0,Bullish,11,13,84.61538461538461,342,31.09090909090909
2025-01-18,Meta,100.0,0.0,0.0,Bullish,9,12,75.0,34,3.7777777777777777
2025-01-18,Microsoft,74.73684210526315,0.0,25.263157894736842,Bullish,5,7,71.42857142857143,190,38.0
2025-01-18,Nvidia,98.26839826839827,1.7316017316017316,0.0,Bullish,4,11,36.36363636363637,231,57.75
2025-01-18,Tesla,91.87817258883248,0.0,8.121827411167512,Bullish,15,24,62.5,591,39.4
2025-01-17,Apple,100.0,0.0,0.0,Bullish,2,5,40.0,11,5.5
2025-01-17,Amazon,100.0,0.0,0.0,Bullish,11,15,73.33333333333333,23,2.090909090909091
2025-01-17,Alphabet,100.0,0.0,0.0,Bullish,5,9,55.55555555555556,45,9.0
2025-01-17,Meta,100.0,0.0,0.0,Bullish,4,5,80.0,17,4.25
2025-01-17,Microsoft,100.0,0.0,0.0,Bullish,1,6,16.666666666666664,33,33.0
2025-01-17,Nvidia,100.0,0.0,0.0,Bullish,3,16,18.75,202,67.33333333333333
2025-01-17,Tesla,100.0,0.0,0.0,Bullish,20,30,66.66666666666666,3801,190.05
2025-01-16,Apple,19.81566820276498,80.18433179723502,0.0,Bearish,3,8,37.5,217,72.33333333333333
2025-01-16,Amazon,82.92682926829268,17.073170731707318,0.0,Bullish,14,18,77.77777777777779,41,2.9285714285714284
2025-01-16,Alphabet,12.91759465478842,52.672605790645875,34.4097995545657,Bearish,11,13,84.61538461538461,898,81.63636363636364
2025-01-16,Meta,100.0,0.0,0.0,Bullish,6,10,60.0,36,6.0
2025-01-16,Microsoft,54.85933503836316,41.368286445012785,3.7723785166240407,Bullish,15,21,71.42857142857143,1564,104.26666666666667
2025-01-16,Nvidia,19.81566820276498,80.18433179723502,0.0,Bearish,4,15,26.666666666666668,217,54.25
2025-01-16,Tesla,82.91182501708818,0.0,17.088174982911823,Bullish,17,28,60.71428571428571,1463,86.05882352941177
2025-01-15,Apple,100.0,0.0,0.0,Bullish,3,7,42.857142857142854,699,233.0
2025-01-15,Amazon,82.03592814371258,0.0,17.964071856287426,Bullish,17,22,77.27272727272727,167,9.823529411764707
2025-01-15,Alphabet,73.45132743362832,0.0,26.548672566371685,Bullish,12,16,75.0,113,9.416666666666666
2025-01-15,Meta,100.0,0.0,0.0,Bullish,4,6,66.66666666666666,19,4.75
2025-01-15,Microsoft,100.0,0.0,0.0,Bullish,5,11,45.45454545454545,35,7.0
2025-01-15,Nvidia,100.0,0.0,0.0,Bullish,6,12,50.0,372,62.0
2025-01-15,Tesla,55.88235294117647,0.0,44.11764705882353,Bullish,18,26,69.23076923076923,68,3.7777777777777777
2025-01-14,Apple,100.0,0.0,0.0,Bullish,3,5,60.0,20,6.666666666666667
2025-01-14,Amazon,100.0,0.0,0.0,Bullish,12,15,80.0,19,1.5833333333333333
2025-01-14,Alphabet,100.0,0.0,0.0,Bullish,12,19,63.1578947368421,116,9.666666666666666
2025-01-14,Meta,0.9868421052631579,0.0,99.01315789473685,Neutral,6,7,85.71428571428571,608,101.33333333333333
2025-01-14,Microsoft,100.0,0.0,0.0,Bullish,5,8,62.5,1584,316.8
2025-01-14,Nvidia,100.0,0.0,0.0,Bullish,5,15,33.33333333333333,177,35.4
2025-01-14,Tesla,9.777777777777779,1.037037037037037,89.18518518518519,Neutral,18,27,66.66666666666666,675,37.5
2025-01-13,Apple,100.0,0.0,0.0,Bullish,2,3,66.66666666666666,18,9.0
2025-01-13,Amazon,100.0,0.0,0.0,Bullish,9,16,56.25,40,4.444444444444445
2025-01-13,Alphabet,100.0,0.0,0.0,Bullish,10,13,76.92307692307693,184,18.4
2025-01-13,Meta,100.0,0.0,0.0,Bullish,4,11,36.36363636363637,65,16.25
2025-01-13,Microsoft,100.0,0.0,0.0,Bullish,3,6,50.0,66,22.0
2025-01-13,Nvidia,97.67441860465115,0.0,2.3255813953488373,Bullish,5,14,35.714285714285715,43,8.6
2025-01-13,Tesla,98.07692307692307,1.9230769230769231,0.0,Bullish,13,24,54.166666666666664,104,8.0
2025-01-12,Amazon,100.0,0.0,0.0,Bullish,6,11,54.54545454545454,26,4.333333333333333
2025-01-12,Alphabet,100.0,0.0,0.0,Bullish,8,14,57.14285714285714,28,3.5
2025-01-12,Meta,100.0,0.0,0.0,Bullish,6,12,50.0,155,25.833333333333332
2025-01-12,Microsoft,100.0,0.0,0.0,Bullish,2,4,50.0,1,0.5
2025-01-12,Nvidia,100.0,0.0,0.0,Bullish,4,10,40.0,46,11.5
2025-01-12,Tesla,100.0,0.0,0.0,Bullish,17,23,73.91304347826086,232,13.647058823529411
2025-01-11,Apple,100.0,0.0,0.0,Bullish,5,6,83.33333333333334,985,197.0
2025-01-11,Amazon,100.0,0.0,0.0,Bullish,6,12,50.0,11,1.8333333333333333
2025-01-11,Alphabet,100.0,0.0,0.0,Bullish,10,16,62.5,1004,100.4
2025-01-11,Meta,100.0,0.0,0.0,Bullish,7,10,70.0,937,133.85714285714286
2025-01-11,Microsoft,100.0,0.0,0.0,Bullish,2,3,66.66666666666666,62,31.0
2025-01-11,Nvidia,100.0,0.0,0.0,Bullish,5,12,41.66666666666667,229,45.8
2025-01-11,Tesla,100.0,0.0,0.0,Bullish,10,20,50.0,50,5.0
2025-01-10,Apple,0.0,0.0,100.0,Neutral,3,6,50.0,159,53.0
2025-01-10,Amazon,100.0,0.0,0.0,Bullish,9,13,69.23076923076923,314,34.888888888888886
2025-01-10,Meta,100.0,0.0,0.0,Bullish,1,5,20.0,7,7.0
2025-01-10,Microsoft,100.0,0.0,0.0,Bullish,3,7,42.857142857142854,3,1.0
2025-01-10,Nvidia,84.39716312056737,0.0,15.602836879432624,Bullish,7,14,50.0,564,80.57142857142857
2025-01-10,Tesla,94.80314960629921,0.0,5.196850393700787,Bullish,12,17,70.58823529411765,635,52.916666666666664
2025-01-09,Apple,100.0,0.0,0.0,Bullish,2,3,66.66666666666666,22,11.0
2025-01-09,Amazon,100.0,0.0,0.0,Bullish,11,15,73.33333333333333,129,11.727272727272727
2025-01-09,Alphabet,100.0,0.0,0.0,Bullish,4,12,33.33333333333333,17,4.25
2025-01-09,Meta,100.0,0.0,0.0,Bullish,3,6,50.0,19,6.333333333333333
2025-01-09,Microsoft,6.7201903062741595,0.0,93.27980969372584,Neutral,5,7,71.42857142857143,3363,672.6
2025-01-09,Nvidia,92.3076923076923,7.6923076923076925,0.0,Bullish,4,11,36.36363636363637,65,16.25
2025-01-09,Tesla,99.10233393177738,0.8976660682226212,0.0,Bullish,10,15,66.66666666666666,557,55.7
2025-01-08,Apple,100.0,0.0,0.0,Bullish,1,3,33.33333333333333,5,5.0
2025-01-08,Amazon,100.0,0.0,0.0,Bullish,23,30,76.66666666666667,182,7.913043478260869
2025-01-08,Alphabet,100.0,0.0,0.0,Bullish,7,12,58.333333333333336,370,52.857142857142854
2025-01-08,Meta,100.0,0.0,0.0,Bullish,3,6,50.0,347,115.66666666666667
2025-01-08,Microsoft,30.919765166340508,0.0,69.08023483365949,Neutral,13,18,72.22222222222221,1022,78.61538461538461
2025-01-08,Nvidia,40.72208228379513,0.0,59.277917716204875,Neutral,12,23,52.17391304347826,1191,99.25
2025-01-08,Tesla,36.0,0.0,64.0,Neutral,14,21,66.66666666666666,1200,85.71428571428571
2025-01-07,Apple,100.0,0.0,0.0,Bullish,4,6,66.66666666666666,104,26.0
2025-01-07,Amazon,100.0,0.0,0.0,Bullish,13,21,61.904761904761905,814,62.61538461538461
2025-01-07,Alphabet,100.0,0.0,0.0,Bullish,10,10,100.0,237,23.7
2025-01-07,Meta,99.49849548645938,0.5015045135406219,0.0,Bullish,10,15,66.66666666666666,997,99.7
2025-01-07,Microsoft,99.4199535962877,0.580046403712297,0.0,Bullish,7,12,58.333333333333336,862,123.14285714285714
2025-01-07,Nvidia,98.35526315789474,1.644736842105263,0.0,Bullish,11,25,44.0,304,27.636363636363637
2025-01-07,Tesla,97.11042311661507,2.8895768833849327,0.0,Bullish,11,19,57.89473684210527,969,88.0909090909091
2025-01-06,Apple,3.731343283582089,96.26865671641791,0.0,Bearish,2,7,28.57142857142857,134,67.0
2025-01-06,Amazon,95.6989247311828,4.301075268817205,0.0,Bullish,10,13,76.92307692307693,93,9.3
2025-01-06,Alphabet,100.0,0.0,0.0,Bullish,11,17,64.70588235294117,114,10.363636363636363
2025-01-06,Meta,100.0,0.0,0.0,Bullish,7,8,87.5,626,89.42857142857143
2025-01-06,Microsoft,100.0,0.0,0.0,Bullish,5,8,62.5,540,108.0
2025-01-06,Nvidia,83.02631578947368,16.973684210526315,0.0,Bullish,9,15,60.0,760,84.44444444444444
2025-01-06,Tesla,31.292517006802722,0.0,68.70748299319727,Neutral,6,6,100.0,147,24.5
2025-01-05,Apple,100.0,0.0,0.0,Bullish,2,3,66.66666666666666,17,8.5
2025-01-05,Amazon,100.0,0.0,0.0,Bullish,10,10,100.0,224,22.4
2025-01-05,Alphabet,6.4179104477611935,0.0,93.5820895522388,Neutral,5,8,62.5,670,134.0
2025-01-05,Meta,100.0,0.0,0.0,Bullish,4,4,100.0,121,30.25
2025-01-05,Microsoft,100.0,0.0,0.0,Bullish,2,2,100.0,194,97.0
2025-01-05,Nvidia,100.0,0.0,0.0,Bullish,3,9,33.33333333333333,234,78.0
2025-01-05,Tesla,100.0,0.0,0.0,Bullish,1,1,100.0,1,1.0
2025-01-04,Apple,100.0,0.0,0.0,Bullish,4,5,80.0,13,3.25
2025-01-04,Amazon,100.0,0.0,0.0,Bullish,8,8,100.0,439,54.875
2025-01-04,Alphabet,100.0,0.0,0.0,Bullish,8,10,80.0,237,29.625
2025-01-04,Meta,100.0,0.0,0.0,Bullish,3,7,42.857142857142854,171,57.0
2025-01-04,Microsoft,100.0,0.0,0.0,Bullish,5,10,50.0,4477,895.4
2025-01-04,Nvidia,100.0,0.0,0.0,Bullish,3,9,33.33333333333333,4506,1502.0
2025-01-04,Tesla,100.0,0.0,0.0,Bullish,8,14,57.14285714285714,7081,885.125
2025-01-03,Apple,100.0,0.0,0.0,Bullish,3,5,60.0,204,68.0
2025-01-03,Amazon,100.0,0.0,0.0,Bullish,9,15,60.0,208,23.11111111111111
2025-01-03,Alphabet,100.0,0.0,0.0,Bullish,9,11,81.81818181818183,696,77.33333333333333
2025-01-03,Meta,100.0,0.0,0.0,Bullish,4,5,80.0,217,54.25
2025-01-03,Microsoft,73.23340471092077,14.668094218415417,12.098501070663811,Bullish,9,10,90.0,934,103.77777777777777
2025-01-03,Nvidia,15.671641791044777,0.0,84.32835820895522,Neutral,3,13,23.076923076923077,134,44.666666666666664
2025-01-03,Tesla,17.301038062283737,47.40484429065744,35.294117647058826,Bearish,6,8,75.0,289,48.166666666666664
2025-01-02,Apple,100.0,0.0,0.0,Bullish,1,2,50.0,4,4.0
2025-01-02,Amazon,100.0,0.0,0.0,Bullish,2,4,50.0,1,0.5
2025-01-02,Alphabet,0.9584664536741214,99.04153354632588,0.0,Bearish,3,4,75.0,313,104.33333333333333
2025-01-02,Meta,100.0,0.0,0.0,Bullish,5,9,55.55555555555556,8,1.6
2025-01-02,Microsoft,100.0,0.0,0.0,Bullish,2,5,40.0,83,41.5
2025-01-02,Nvidia,100.0,0.0,0.0,Bullish,3,7,42.857142857142854,85,28.333333333333332
2025-01-02,Tesla,9.691160809371672,0.0,90.30883919062833,Neutral,4,5,80.0,939,234.75
2025-01-01,Apple,100.0,0.0,0.0,Bullish,2,3,66.66666666666666,21,10.5
2025-01-01,Amazon,100.0,0.0,0.0,Bullish,1,1,100.0,1,1.0
2025-01-01,Alphabet,100.0,0.0,0.0,Bullish,1,1,100.0,2,2.0
2025-01-01,Nvidia,100.0,0.0,0.0,Bullish,3,5,60.0,142,47.333333333333336
2025-01-01,Tesla,100.0,0.0,0.0,Bullish,2,4,50.0,8,4.0
2024-12-31,Apple,63.52941176470588,0.0,36.470588235294116,Bullish,3,4,75.0,85,28.333333333333332
2024-12-31,Amazon,100.0,0.0,0.0,Bullish,4,4,100.0,90,22.5
2024-12-31,Alphabet,100.0,0.0,0.0,Bullish,2,2,100.0,88,44.0
2024-12-31,Meta,100.0,0.0,0.0,Bullish,1,1,100.0,54,54.0
2024-12-31,Microsoft,100.0,0.0,0.0,Bullish,1,2,50.0,34,34.0
2024-12-31,Nvidia,93.11111111111111,0.0,6.888888888888889,Bullish,4,7,57.14285714285714,450,112.5
2024-12-31,Tesla,100.0,0.0,0.0,Bullish,1,3,33.33333333333333,610,610.0
2024-12-30,Amazon,100.0,0.0,0.0,Bullish,2,2,100.0,4,2.0
2024-12-30,Microsoft,100.0,0.0,0.0,Bullish,3,5,60.0,179,59.666666666666664
2024-12-30,Nvidia,100.0,0.0,0.0,Bullish,3,6,50.0,385,128.33333333333334
2024-12-30,Tesla,100.0,0.0,0.0,Bullish,1,2,50.0,4,4.0
2024-12-29,Microsoft,100.0,0.0,0.0,Bullish,1,3,33.33333333333333,119,119.0
2024-12-29,Nvidia,100.0,0.0,0.0,Bullish,1,5,20.0,13,13.0
2024-12-28,Apple,100.0,0.0,0.0,Bullish,1,2,50.0,1,1.0
2024-12-28,Alphabet,100.0,0.0,0.0,Bullish,1,2,50.0,653,653.0
2024-12-28,Meta,100.0,0.0,0.0,Bullish,1,1,100.0,1,1.0
2024-12-28,Microsoft,100.0,0.0,0.0,Bullish,1,1,100.0,1,1.0
2024-12-28,Nvidia,100.0,0.0,0.0,Bullish,2,5,40.0,38,19.0
2024-12-28,Tesla,100.0,0.0,0.0,Bullish,2,3,66.66666666666666,10,5.0
2024-12-27,Apple,100.0,0.0,0.0,Bullish,2,5,40.0,155,77.5
2024-12-27,Amazon,100.0,0.0,0.0,Bullish,1,3,33.33333333333333,29,29.0
2024-12-27,Alphabet,100.0,0.0,0.0,Bullish,1,1,100.0,29,29.0
2024-12-27,Microsoft,100.0,0.0,0.0,Bullish,1,1,100.0,29,29.0
2024-12-27,Nvidia,47.77777777777778,0.0,52.22222222222223,Neutral,3,8,37.5,90,30.0
2024-12-27,Tesla,0.0,0.0,100.0,Neutral,1,3,33.33333333333333,77,77.0
2024-12-26,Apple,100.0,0.0,0.0,Bullish,5,6,83.33333333333334,3928,785.6
2024-12-26,Amazon,100.0,0.0,0.0,Bullish,2,3,66.66666666666666,1,0.5
2024-12-26,Alphabet,0.0,0.0,0.0,Insufficient Data,0,1,0.0,0,0.0
2024-12-26,Microsoft,100.0,0.0,0.0,Bullish,2,4,50.0,68,34.0
2024-12-26,Nvidia,100.0,0.0,0.0,Bullish,2,6,33.33333333333333,34,17.0
2024-12-25,Apple,0.0,0.0,0.0,Insufficient Data,0,1,0.0,0,0.0
2024-12-25,Amazon,100.0,0.0,0.0,Bullish,1,2,50.0,2,2.0
2024-12-25,Microsoft,100.0,0.0,0.0,Bullish,6,8,75.0,18,3.0
2024-12-25,Nvidia,100.0,0.0,0.0,Bullish,2,5,40.0,140,70.0
2024-12-25,Tesla,100.0,0.0,0.0,Bullish,2,2,100.0,15,7.5
2024-12-24,Apple,100.0,0.0,0.0,Bullish,3,5,60.0,3189,1063.0
2024-12-24,Amazon,100.0,0.0,0.0,Bullish,2,2,100.0,69,34.5
2024-12-24,Alphabet,100.0,0.0,0.0,Bullish,1,1,100.0,1,1.0
2024-12-24,Meta,0.0,0.0,0.0,Insufficient Data,0,1,0.0,0,0.0
2024-12-24,Microsoft,100.0,0.0,0.0,Bullish,5,7,71.42857142857143,162,32.4
2024-12-24,Nvidia,50.31055900621118,49.68944099378882,0.0,Bullish,4,9,44.44444444444444,161,40.25
2024-12-24,Tesla,0.0,0.0,0.0,Insufficient Data,0,1,0.0,0,0.0
2024-12-23,Amazon,100.0,0.0,0.0,Bullish,2,2,100.0,20,10.0
2024-12-23,Microsoft,100.0,0.0,0.0,Bullish,4,5,80.0,51,12.75
2024-12-23,Nvidia,100.0,0.0,0.0,Bullish,1,4,25.0,8,8.0
2024-12-23,Tesla,100.0,0.0,0.0,Bullish,1,1,100.0,18,18.0
2024-12-22,Apple,100.0,0.0,0.0,Bullish,5,5,100.0,488,97.6
2024-12-22,Amazon,100.0,0.0,0.0,Bullish,2,2,100.0,1,0.5
2024-12-22,Microsoft,100.0,0.0,0.0,Bullish,3,4,75.0,48,16.0
2024-12-22,Nvidia,100.0,0.0,0.0,Bullish,4,5,80.0,427,106.75
2024-12-22,Tesla,100.0,0.0,0.0,Bullish,2,3,66.66666666666666,167,83.5
2024-12-21,Apple,100.0,0.0,0.0,Bullish,2,3,66.66666666666666,4363,2181.5
2024-12-21,Microsoft,100.0,0.0,0.0,Bullish,3,4,75.0,14,4.666666666666667
2024-12-21,Nvidia,100.0,0.0,0.0,Bullish,4,8,50.0,22,5.5
2024-12-20,Apple,100.0,0.0,0.0,Bullish,1,2,50.0,9,9.0
2024-12-20,Amazon,100.0,0.0,0.0,Bullish,1,1,100.0,70,70.0
2024-12-20,Alphabet,0.0,0.0,0.0,Insufficient Data,0,1,0.0,0,0.0
2024-12-20,Microsoft,100.0,0.0,0.0,Bullish,3,4,75.0,16,5.333333333333333
2024-12-20,Nvidia,10.227272727272728,89.77272727272727,0.0,Bearish,4,6,66.66666666666666,176,44.0
2024-12-20,Tesla,100.0,0.0,0.0,Bullish,1,2,50.0,89,89.0
2024-12-19,Apple,100.0,0.0,0.0,Bullish,1,2,50.0,34,34.0
2024-12-19,Amazon,100.0,0.0,0.0,Bullish,1,1,100.0,1,1.0
2024-12-19,Meta,100.0,0.0,0.0,Bullish,1,1,100.0,33,33.0
2024-12-19,Nvidia,100.0,0.0,0.0,Bullish,3,5,60.0,50,16.666666666666668
2024-12-18,Apple,33.68421052631579,0.0,66.3157894736842,Neutral,2,2,100.0,95,47.5
2024-12-18,Amazon,3.076923076923077,0.0,96.92307692307692,Neutral,2,2,100.0,65,32.5
2024-12-18,Meta,100.0,0.0,0.0,Bullish,1,1,100.0,2,2.0
2024-12-18,Microsoft,5.970149253731343,0.0,94.02985074626866,Neutral,3,4,75.0,67,22.333333333333332
2024-12-18,Nvidia,100.0,0.0,0.0,Bullish,1,3,33.33333333333333,15,15.0
2024-12-17,Apple,63.63636363636363,0.0,36.36363636363637,Bullish,5,5,100.0,11,2.2
2024-12-17,Amazon,100.0,0.0,0.0,Bullish,2,3,66.66666666666666,2,1.0
2024-12-17,Alphabet,99.05882352941177,0.0,0.9411764705882352,Bullish,5,6,83.33333333333334,425,85.0
2024-12-17,Microsoft,98.96907216494846,0.0,1.0309278350515463,Bullish,4,5,80.0,388,97.0
2024-12-17,Nvidia,17.51824817518248,79.56204379562044,2.9197080291970803,Bearish,3,6,50.0,137,45.666666666666664
2024-12-17,Tesla,99.84917043740573,0.0,0.1508295625942685,Bullish,6,8,75.0,2652,442.0
2024-12-16,Apple,100.0,0.0,0.0,Bullish,1,3,33.33333333333333,55,55.0
2024-12-16,Amazon,100.0,0.0,0.0,Bullish,1,2,50.0,1,1.0
2024-12-16,Alphabet,100.0,0.0,0.0,Bullish,2,2,100.0,11,5.5
2024-12-16,Meta,100.0,0.0,0.0,Bullish,2,3,66.66666666666666,12,6.0
2024-12-16,Microsoft,100.0,0.0,0.0,Bullish,3,6,50.0,6,2.0
2024-12-16,Nvidia,91.869918699187,0.0,8.130081300813007,Bullish,3,10,30.0,246,82.0
2024-12-16,Tesla,100.0,0.0,0.0,Bullish,2,5,40.0,213,106.5
2024-12-15,Apple,100.0,0.0,0.0,Bullish,3,4,75.0,201,67.0
2024-12-15,Amazon,100.0,0.0,0.0,Bullish,1,2,50.0,1,1.0
2024-12-15,Alphabet,100.0,0.0,0.0,Bullish,1,1,100.0,2,2.0
2024-12-15,Nvidia,100.0,0.0,0.0,Bullish,3,4,75.0,210,70.0
2024-12-15,Tesla,100.0,0.0,0.0,Bullish,2,2,100.0,186,93.0
2024-12-14,Apple,0.0,0.0,0.0,Insufficient Data,0,1,0.0,0,0.0
2024-12-14,Amazon,0.0,0.0,0.0,Insufficient Data,0,1,0.0,0,0.0
2024-12-14,Alphabet,0.0,0.0,0.0,Insufficient Data,0,1,0.0,0,0.0
2024-12-14,Meta,0.0,0.0,0.0,Insufficient Data,0,1,0.0,0,0.0
2024-12-14,Microsoft,100.0,0.0,0.0,Bullish,1,2,50.0,46,46.0
2024-12-14,Nvidia,100.0,0.0,0.0,Bullish,1,1,100.0,12,12.0
2024-12-13,Apple,100.0,0.0,0.0,Bullish,2,3,66.66666666666666,369,184.5
2024-12-13,Microsoft,90.4471544715447,9.552845528455284,0.0,Bullish,4,4,100.0,492,123.0
2024-12-13,Nvidia,100.0,0.0,0.0,Bullish,2,6,33.33333333333333,419,209.5
2024-12-13,Tesla,100.0,0.0,0.0,Bullish,3,3,100.0,86,28.666666666666668
2024-12-12,Apple,100.0,0.0,0.0,Bullish,1,1,100.0,2,2.0
2024-12-12,Amazon,100.0,0.0,0.0,Bullish,2,3,66.66666666666666,84,42.0
2024-12-12,Alphabet,100.0,0.0,0.0,Bullish,2,3,66.66666666666666,13,6.5
2024-12-12,Microsoft,100.0,0.0,0.0,Bullish,1,3,33.33333333333333,3,3.0
2024-12-12,Nvidia,100.0,0.0,0.0,Bullish,4,9,44.44444444444444,572,143.0
2024-12-12,Tesla,100.0,0.0,0.0,Bullish,2,8,25.0,9,4.5
2024-12-11,Apple,100.0,0.0,0.0,Bullish,1,4,25.0,365,365.0
2024-12-11,Amazon,100.0,0.0,0.0,Bullish,2,3,66.66666666666666,2,1.0
2024-12-11,Alphabet,100.0,0.0,0.0,Bullish,4,4,100.0,17,4.25
2024-12-11,Meta,100.0,0.0,0.0,Bullish,2,2,100.0,4,2.0
2024-12-11,Microsoft,100.0,0.0,0.0,Bullish,2,4,50.0,2,1.0
2024-12-11,Nvidia,100.0,0.0,0.0,Bullish,3,6,50.0,303,101.0
2024-12-11,Tesla,100.0,0.0,0.0,Bullish,3,5,60.0,70,23.333333333333332
2024-12-10,Apple,100.0,0.0,0.0,Bullish,1,2,50.0,24,24.0
2024-12-10,Amazon,100.0,0.0,0.0,Bullish,2,2,100.0,24,12.0
2024-12-10,Alphabet,100.0,0.0,0.0,Bullish,1,1,100.0,73,73.0
2024-12-10,Meta,0.0,0.0,0.0,Insufficient Data,0,1,0.0,0,0.0
2024-12-10,Microsoft,100.0,0.0,0.0,Bullish,4,6,66.66666666666666,29,7.25
2024-12-10,Nvidia,100.0,0.0,0.0,Bullish,2,2,100.0,81,40.5
2024-12-10,Tesla,100.0,0.0,0.0,Bullish,2,2,100.0,156,78.0
2024-12-04,Apple,0.0,0.0,100.0,Neutral,1,2,50.0,8,8.0
2024-12-04,Amazon,100.0,0.0,0.0,Bullish,2,2,100.0,4,2.0
2024-12-04,Alphabet,100.0,0.0,0.0,Bullish,1,2,50.0,16,16.0
2024-12-04,Microsoft,0.0,0.0,0.0,Insufficient Data,0,5,0.0,0,0.0
2024-12-04,Nvidia,100.0,0.0,0.0,Bullish,1,4,25.0,10,10.0
2024-11-29,Apple,100.0,0.0,0.0,Bullish,2,4,50.0,2,1.0
2024-11-29,Microsoft,100.0,0.0,0.0,Bullish,3,3,100.0,4,1.3333333333333333
2024-11-29,Nvidia,100.0,0.0,0.0,Bullish,1,2,50.0,11,11.0
2024-11-17,Apple,100.0,0.0,0.0,Bullish,4,4,100.0,297,74.25
2024-11-17,Amazon,100.0,0.0,0.0,Bullish,1,1,100.0,1,1.0
2024-11-17,Nvidia,100.0,0.0,0.0,Bullish,1,2,50.0,9,9.0
2024-11-17,Tesla,0.0,0.0,0.0,Insufficient Data,0,1,0.0,0,0.0
2024-11-16,Apple,0.0,0.0,0.0,Insufficient Data,0,1,0.0,0,0.0
2024-11-16,Microsoft,100.0,0.0,0.0,Bullish,2,2,100.0,1,0.5
2024-11-16,Nvidia,100.0,0.0,0.0,Bullish,2,5,40.0,230,115.0
2024-10-29,Apple,100.0,0.0,0.0,Bullish,2,2,100.0,42,21.0
2024-10-29,Amazon,100.0,0.0,0.0,Bullish,2,3,66.66666666666666,11,5.5
2024-10-29,Alphabet,0.0,0.0,0.0,Insufficient Data,0,1,0.0,0,0.0
2024-10-29,Microsoft,100.0,0.0,0.0,Bullish,3,5,60.0,9,3.0
2024-10-29,Nvidia,100.0,0.0,0.0,Bullish,1,3,33.33333333333333,10,10.0
2024-10-28,Apple,100.0,0.0,0.0,Bullish,1,2,50.0,5,5.0
2024-10-28,Amazon,100.0,0.0,0.0,Bullish,2,2,100.0,78,39.0
2024-10-28,Alphabet,100.0,0.0,0.0,Bullish,1,1,100.0,1,1.0
2024-10-28,Microsoft,100.0,0.0,0.0,Bullish,4,4,100.0,83,20.75
2024-10-28,Nvidia,100.0,0.0,0.0,Bullish,2,3,66.66666666666666,84,42.0
2024-10-22,Apple,0.0,0.0,0.0,Insufficient Data,0,1,0.0,0,0.0
2024-10-22,Alphabet,0.0,0.0,0.0,Insufficient Data,0,1,0.0,0,0.0
2024-10-22,Meta,0.0,0.0,0.0,Insufficient Data,0,1,0.0,0,0.0
2024-10-22,Microsoft,100.0,0.0,0.0,Bullish,2,4,50.0,2,1.0
2024-10-22,Nvidia,100.0,0.0,0.0,Bullish,1,2,50.0,9,9.0
2024-10-22,Tesla,100.0,0.0,0.0,Bullish,1,1,100.0,25,25.0
2024-10-21,Apple,100.0,0.0,0.0,Bullish,1,1,100.0,2,2.0
2024-10-21,Amazon,100.0,0.0,0.0,Bullish,2,2,100.0,50,25.0
2024-10-21,Alphabet,100.0,0.0,0.0,Bullish,1,1,100.0,2,2.0
2024-10-21,Microsoft,100.0,0.0,0.0,Bullish,6,8,75.0,77,12.833333333333334
2024-10-21,Nvidia,100.0,0.0,0.0,Bullish,3,7,42.857142857142854,29,9.666666666666666
2024-10-17,Apple,0.0,0.0,0.0,Insufficient Data,0,1,0.0,0,0.0
2024-10-17,Amazon,100.0,0.0,0.0,Bullish,1,1,100.0,1,1.0
2024-10-17,Microsoft,100.0,0.0,0.0,Bullish,4,4,100.0,26,6.5
2024-10-17,Nvidia,100.0,0.0,0.0,Bullish,2,5,40.0,44,22.0
2024-10-04,Nvidia,100.0,0.0,0.0,Bullish,1,2,50.0,7,7.0
2024-09-21,Apple,0.0,0.0,0.0,Insufficient Data,0,1,0.0,0,0.0
2024-09-21,Nvidia,100.0,0.0,0.0,Bullish,1,2,50.0,6,6.0
2024-09-21,Tesla,0.0,0.0,0.0,Insufficient Data,0,1,0.0,0,0.0
2024-09-11,Apple,100.0,0.0,0.0,Bullish,1,1,100.0,10,10.0
2024-09-11,Amazon,100.0,0.0,0.0,Bullish,1,1,100.0,2,2.0
2024-09-11,Alphabet,100.0,0.0,0.0,Bullish,1,1,100.0,8,8.0
2024-09-11,Microsoft,0.0,0.0,0.0,Insufficient Data,0,1,0.0,0,0.0
2024-09-11,Nvidia,0.0,0.0,0.0,Insufficient Data,0,1,0.0,0,0.0
2024-09-11,Tesla,100.0,0.0,0.0,Bullish,1,1,100.0,617,617.0
2024-09-09,Amazon,100.0,0.0,0.0,Bullish,1,1,100.0,2,2.0
2024-09-09,Nvidia,0.0,0.0,0.0,Insufficient Data,0,1,0.0,0,0.0
2024-09-09,Tesla,100.0,0.0,0.0,Bullish,1,2,50.0,458,458.0
2024-09-06,Meta,100.0,0.0,0.0,Bullish,1,1,100.0,9,9.0
2024-09-05,Amazon,100.0,0.0,0.0,Bullish,1,1,100.0,2,2.0
2024-09-05,Alphabet,100.0,0.0,0.0,Bullish,1,1,100.0,39,39.0
2024-09-05,Nvidia,0.0,0.0,0.0,Insufficient Data,0,1,0.0,0,0.0
2024-09-05,Tesla,0.0,0.0,0.0,Insufficient Data,0,1,0.0,0,0.0
2024-09-02,Amazon,100.0,0.0,0.0,Bullish,1,1,100.0,4,4.0
2024-09-02,Alphabet,100.0,0.0,0.0,Bullish,1,1,100.0,1,1.0
2024-09-02,Microsoft,100.0,0.0,0.0,Bullish,1,1,100.0,106,106.0
2024-09-02,Tesla,100.0,0.0,0.0,Bullish,1,3,33.33333333333333,309,309.0
2024-08-31,Amazon,100.0,0.0,0.0,Bullish,1,1,100.0,16,16.0
2024-08-31,Alphabet,100.0,0.0,0.0,Bullish,1,1,100.0,6,6.0
2024-08-31,Microsoft,100.0,0.0,0.0,Bullish,1,1,100.0,8,8.0
2024-08-24,Alphabet,0.0,0.0,0.0,Insufficient Data,0,1,0.0,0,0.0
2024-08-24,Tesla,100.0,0.0,0.0,Bullish,1,3,33.33333333333333,276,276.0
2024-08-22,Amazon,100.0,0.0,0.0,Bullish,1,1,100.0,3,3.0
2024-08-18,Amazon,100.0,0.0,0.0,Bullish,1,1,100.0,2,2.0
2024-08-18,Meta,0.0,0.0,0.0,Insufficient Data,0,1,0.0,0,0.0
2024-08-18,Nvidia,0.0,0.0,0.0,Insufficient Data,0,1,0.0,0,0.0
2024-08-18,Tesla,100.0,0.0,0.0,Bullish,1,2,50.0,5,5.0
2024-08-16,Microsoft,100.0,0.0,0.0,Bullish,1,2,50.0,14,14.0
2024-08-14,Amazon,100.0,0.0,0.0,Bullish,1,1,100.0,1,1.0
2024-08-11,Amazon,100.0,0.0,0.0,Bullish,1,1,100.0,1,1.0
2024-08-11,Meta,100.0,0.0,0.0,Bullish,1,1,100.0,5,5.0
2024-08-09,Tesla,100.0,0.0,0.0,Bullish,1,1,100.0,1192,1192.0
2024-08-07,Amazon,100.0,0.0,0.0,Bullish,1,1,100.0,1,1.0
2024-08-07,Meta,100.0,0.0,0.0,Bullish,1,1,100.0,2,2.0
2024-08-07,Tesla,100.0,0.0,0.0,Bullish,1,2,50.0,9,9.0
2024-07-12,Apple,0.0,0.0,0.0,Insufficient Data,0,1,0.0,0,0.0
2024-07-12,Alphabet,0.0,100.0,0.0,Bearish,1,1,100.0,9,9.0
2024-07-12,Meta,100.0,0.0,0.0,Bullish,1,1,100.0,127,127.0
2024-07-12,Tesla,100.0,0.0,0.0,Bullish,2,2,100.0,260,130.0
2024-07-10,Apple,0.0,0.0,0.0,Insufficient Data,0,2,0.0,0,0.0
2024-07-10,Amazon,100.0,0.0,0.0,Bullish,1,1,100.0,4,4.0
2024-07-10,Alphabet,0.0,0.0,0.0,Insufficient Data,0,1,0.0,0,0.0
2024-07-10,Meta,0.0,0.0,0.0,Insufficient Data,0,1,0.0,0,0.0
2024-07-10,Microsoft,100.0,0.0,0.0,Bullish,1,1,100.0,5,5.0
2024-07-10,Nvidia,0.0,0.0,0.0,Insufficient Data,0,1,0.0,0,0.0
2024-07-09,Apple,0.0,0.0,0.0,Insufficient Data,0,1,0.0,0,0.0
2024-07-09,Amazon,100.0,0.0,0.0,Bullish,1,1,100.0,3,3.0
2024-07-09,Alphabet,0.0,0.0,0.0,Insufficient Data,0,1,0.0,0,0.0
2024-07-09,Meta,0.0,0.0,0.0,Insufficient Data,0,1,0.0,0,0.0
2024-07-09,Tesla,0.0,0.0,0.0,Insufficient Data,0,1,0.0,0,0.0
2024-07-04,Amazon,100.0,0.0,0.0,Bullish,1,1,100.0,3,3.0
2024-07-04,Meta,100.0,0.0,0.0,Bullish,1,1,100.0,9,9.0
2024-07-04,Tesla,100.0,0.0,0.0,Bullish,1,1,100.0,16,16.0
2024-07-02,Amazon,100.0,0.0,0.0,Bullish,1,1,100.0,1,1.0
2024-06-27,Amazon,100.0,0.0,0.0,Bullish,1,1,100.0,1,1.0
2024-06-27,Microsoft,100.0,0.0,0.0,Bullish,1,1,100.0,8,8.0
2024-06-27,Tesla,0.0,0.0,0.0,Insufficient Data,0,3,0.0,0,0.0
2024-06-25,Tesla,0.0,0.0,100.0,Neutral,1,1,100.0,7,7.0
2024-06-16,Amazon,100.0,0.0,0.0,Bullish,1,1,100.0,1,1.0
2024-06-16,Tesla,100.0,0.0,0.0,Bullish,1,1,100.0,158,158.0
2024-06-10,Amazon,100.0,0.0,0.0,Bullish,1,1,100.0,3,3.0
2024-06-06,Apple,100.0,0.0,0.0,Bullish,1,2,50.0,9,9.0
2024-06-06,Alphabet,100.0,0.0,0.0,Bullish,1,1,100.0,9,9.0
2024-06-06,Tesla,0.0,0.0,0.0,Insufficient Data,0,2,0.0,0,0.0
2024-06-04,Apple,0.0,0.0,0.0,Insufficient Data,0,1,0.0,0,0.0
2024-06-04,Amazon,100.0,0.0,0.0,Bullish,1,1,100.0,1,1.0
2024-06-04,Microsoft,100.0,0.0,0.0,Bullish,1,1,100.0,46,46.0
2024-06-04,Nvidia,0.0,0.0,0.0,Insufficient Data,0,1,0.0,0,0.0
2024-06-04,Tesla,0.0,0.0,0.0,Insufficient Data,0,2,0.0,0,0.0
2024-06-03,Apple,0.0,0.0,0.0,Insufficient Data,0,1,0.0,0,0.0
2024-06-03,Amazon,100.0,0.0,0.0,Bullish,1,1,100.0,5,5.0
2024-06-03,Tesla,100.0,0.0,0.0,Bullish,1,1,100.0,9,9.0
2024-05-28,Amazon,100.0,0.0,0.0,Bullish,1,1,100.0,1,1.0
2024-05-21,Amazon,100.0,0.0,0.0,Bullish,1,1,100.0,2,2.0
2024-05-15,Apple,0.0,0.0,0.0,Insufficient Data,0,1,0.0,0,0.0
2024-05-15,Amazon,100.0,0.0,0.0,Bullish,2,2,100.0,4,2.0
2024-05-15,Meta,100.0,0.0,0.0,Bullish,1,1,100.0,3,3.0
2024-05-15,Tesla,100.0,0.0,0.0,Bullish,1,1,100.0,4,4.0
2024-05-12,Amazon,100.0,0.0,0.0,Bullish,1,1,100.0,1,1.0
2024-05-11,Alphabet,100.0,0.0,0.0,Bullish,1,1,100.0,9,9.0
2024-05-11,Meta,0.0,0.0,0.0,Insufficient Data,0,1,0.0,0,0.0
2024-05-11,Tesla,100.0,0.0,0.0,Bullish,1,1,100.0,9,9.0
2024-05-07,Amazon,100.0,0.0,0.0,Bullish,1,1,100.0,1,1.0
2024-05-06,Apple,0.0,0.0,0.0,Insufficient Data,0,1,0.0,0,0.0
2024-05-06,Amazon,100.0,0.0,0.0,Bullish,1,1,100.0,4,4.0
2024-05-06,Alphabet,0.0,0.0,0.0,Insufficient Data,0,2,0.0,0,0.0
2024-05-06,Microsoft,0.0,0.0,0.0,Insufficient Data,0,1,0.0,0,0.0
2024-05-06,Tesla,0.0,0.0,0.0,Insufficient Data,0,1,0.0,0,0.0
2024-05-04,Meta,100.0,0.0,0.0,Bullish,1,1,100.0,3,3.0
2024-04-29,Amazon,100.0,0.0,0.0,Bullish,1,1,100.0,3,3.0
2024-04-29,Meta,100.0,0.0,0.0,Bullish,1,1,100.0,11,11.0
2024-04-25,Amazon,100.0,0.0,0.0,Bullish,1,1,100.0,1,1.0
2024-04-25,Tesla,0.0,0.0,0.0,Insufficient Data,0,1,0.0,0,0.0
2024-04-23,Amazon,100.0,0.0,0.0,Bullish,1,1,100.0,1,1.0
2024-04-23,Nvidia,0.0,0.0,0.0,Insufficient Data,0,1,0.0,0,0.0
2024-04-23,Tesla,0.0,0.0,100.0,Neutral,1,5,20.0,12,12.0
2024-04-22,Amazon,100.0,0.0,0.0,Bullish,1,1,100.0,2,2.0
2024-04-08,Amazon,100.0,0.0,0.0,Bullish,1,1,100.0,1,1.0
2024-04-08,Alphabet,0.0,0.0,0.0,Insufficient Data,0,1,0.0,0,0.0
2024-04-08,Nvidia,0.0,0.0,0.0,Insufficient Data,0,1,0.0,0,0.0
2024-04-04,Amazon,100.0,0.0,0.0,Bullish,1,1,100.0,2,2.0
2024-04-02,Amazon,100.0,0.0,0.0,Bullish,1,1,100.0,1,1.0
2024-03-31,Amazon,100.0,0.0,0.0,Bullish,1,1,100.0,1,1.0
2024-03-25,Apple,0.0,0.0,0.0,Insufficient Data,0,1,0.0,0,0.0
2024-03-25,Amazon,100.0,0.0,0.0,Bullish,1,1,100.0,1,1.0
2024-03-24,Tesla,0.0,0.0,0.0,Insufficient Data,0,1,0.0,0,0.0
2024-03-21,Apple,100.0,0.0,0.0,Bullish,1,1,100.0,28,28.0
2024-03-13,Apple,0.0,0.0,0.0,Insufficient Data,0,2,0.0,0,0.0
2024-02-20,Tesla,100.0,0.0,0.0,Bullish,1,1,100.0,5,5.0
2024-02-15,Apple,0.0,0.0,0.0,Insufficient Data,0,1,0.0,0,0.0
2024-02-01,Apple,0.0,0.0,0.0,Insufficient Data,0,1,0.0,0,0.0
2024-01-28,Meta,0.0,0.0,0.0,Insufficient Data,0,1,0.0,0,0.0
2024-01-12,Apple,0.0,0.0,0.0,Insufficient Data,0,1,0.0,0,0.0
2024-01-12,Amazon,100.0,0.0,0.0,Bullish,1,1,100.0,55,55.0
2024-01-12,Alphabet,100.0,0.0,0.0,Bullish,1,1,100.0,55,55.0
2024-01-12,Meta,0.0,0.0,0.0,Insufficient Data,0,1,0.0,0,0.0
2024-01-12,Microsoft,0.0,0.0,0.0,Insufficient Data,0,1,0.0,0,0.0
2024-01-12,Nvidia,0.0,0.0,0.0,Insufficient Data,0,1,0.0,0,0.0
2024-01-12,Tesla,100.0,0.0,0.0,Bullish,1,1,100.0,55,55.0
2024-01-04,Nvidia,0.0,0.0,0.0,Insufficient Data,0,1,0.0,0,0.0
2023-11-19,Microsoft,100.0,0.0,0.0,Bullish,1,1,100.0,7,7.0
2023-11-17,Apple,0.0,0.0,0.0,Insufficient Data,0,1,0.0,0,0.0
2023-10-29,Apple,0.0,0.0,0.0,Insufficient Data,0,1,0.0,0,0.0
2023-10-24,Tesla,100.0,0.0,0.0,Bullish,1,1,100.0,8,8.0
2023-10-14,Apple,0.0,0.0,0.0,Insufficient Data,0,2,0.0,0,0.0
2023-10-14,Amazon,0.0,0.0,0.0,Insufficient Data,0,1,0.0,0,0.0
2023-10-14,Alphabet,0.0,0.0,0.0,Insufficient Data,0,1,0.0,0,0.0
2023-10-14,Meta,0.0,0.0,0.0,Insufficient Data,0,1,0.0,0,0.0
2023-10-14,Nvidia,0.0,0.0,0.0,Insufficient Data,0,1,0.0,0,0.0
2023-09-28,Amazon,100.0,0.0,0.0,Bullish,1,1,100.0,45,45.0
2023-09-08,Apple,0.0,0.0,0.0,Insufficient Data,0,1,0.0,0,0.0
2023-08-21,Tesla,100.0,0.0,0.0,Bullish,1,1,100.0,12,12.0
2023-08-09,Nvidia,0.0,0.0,0.0,Insufficient Data,0,1,0.0,0,0.0
2023-08-07,Meta,100.0,0.0,0.0,Bullish,1,2,50.0,2,2.0
2023-07-31,Nvidia,100.0,0.0,0.0,Bullish,1,1,100.0,30,30.0
2023-07-17,Apple,100.0,0.0,0.0,Bullish,1,1,100.0,4,4.0
2023-07-17,Alphabet,100.0,0.0,0.0,Bullish,1,1,100.0,4,4.0
2023-07-17,Microsoft,100.0,0.0,0.0,Bullish,1,1,100.0,4,4.0
2023-07-15,Amazon,100.0,0.0,0.0,Bullish,1,1,100.0,4,4.0
2023-07-15,Microsoft,100.0,0.0,0.0,Bullish,1,1,100.0,4,4.0
2023-07-14,Apple,100.0,0.0,0.0,Bullish,1,1,100.0,48,48.0
2023-07-14,Amazon,100.0,0.0,0.0,Bullish,1,1,100.0,48,48.0
2023-07-14,Alphabet,100.0,0.0,0.0,Bullish,1,1,100.0,48,48.0
2023-07-14,Meta,100.0,0.0,0.0,Bullish,2,2,100.0,48,24.0
2023-07-14,Microsoft,0.0,0.0,0.0,Insufficient Data,0,1,0.0,0,0.0
2023-07-14,Nvidia,0.0,0.0,0.0,Insufficient Data,0,1,0.0,0,0.0
2023-07-14,Tesla,100.0,0.0,0.0,Bullish,1,1,100.0,48,48.0
2023-07-13,Tesla,0.0,0.0,0.0,Insufficient Data,0,1,0.0,0,0.0
2023-06-30,Tesla,100.0,0.0,0.0,Bullish,1,1,100.0,4,4.0
2023-06-26,Tesla,100.0,0.0,0.0,Bullish,1,1,100.0,5,5.0
2023-06-21,Alphabet,100.0,0.0,0.0,Bullish,1,1,100.0,16,16.0
2023-06-21,Tesla,0.0,100.0,0.0,Bearish,1,1,100.0,5,5.0
2023-06-11,Alphabet,100.0,0.0,0.0,Bullish,1,1,100.0,14,14.0
2023-06-03,Nvidia,0.0,0.0,0.0,Insufficient Data,0,1,0.0,0,0.0
2023-05-24,Nvidia,0.0,0.0,0.0,Insufficient Data,0,1,0.0,0,0.0
2024-12-02,Apple,100.0,0.0,0.0,Bullish,1,2,50.0,376,376.0
2024-12-02,Amazon,100.0,0.0,0.0,Bullish,1,2,50.0,3,3.0
2024-12-02,Alphabet,100.0,0.0,0.0,Bullish,2,3,66.66666666666666,26,13.0
2024-12-02,Meta,0.0,0.0,0.0,Insufficient Data,0,1,0.0,0,0.0
2024-12-02,Microsoft,100.0,0.0,0.0,Bullish,3,5,60.0,3,1.0
2024-12-02,Nvidia,100.0,0.0,0.0,Bullish,1,3,33.33333333333333,6,6.0
2024-12-02,Tesla,100.0,0.0,0.0,Bullish,1,3,33.33333333333333,2,2.0
2023-10-28,Amazon,0.0,100.0,0.0,Bearish,1,1,100.0,38,38.0
2023-10-28,Tesla,0.0,100.0,0.0,Bearish,1,1,100.0,38,38.0
2023-10-10,Amazon,100.0,0.0,0.0,Bullish,1,1,100.0,26,26.0
2023-10-10,Alphabet,100.0,0.0,0.0,Bullish,1,1,100.0,26,26.0
2023-10-10,Meta,100.0,0.0,0.0,Bullish,1,1,100.0,26,26.0
2023-10-10,Microsoft,100.0,0.0,0.0,Bullish,1,1,100.0,26,26.0
2023-10-10,Nvidia,100.0,0.0,0.0,Bullish,1,1,100.0,26,26.0
2023-10-10,Tesla,100.0,0.0,0.0,Bullish,1,1,100.0,26,26.0
2023-09-19,Amazon,0.0,0.0,0.0,Insufficient Data,0,1,0.0,0,0.0
2023-09-19,Tesla,0.0,0.0,0.0,Insufficient Data,0,1,0.0,0,0.0
2023-09-11,Tesla,100.0,0.0,0.0,Bullish,1,1,100.0,17,17.0
2023-07-25,Amazon,0.0,100.0,0.0,Bearish,1,1,100.0,8,8.0
2023-07-25,Nvidia,0.0,100.0,0.0,Bearish,1,1,100.0,8,8.0
2023-07-25,Tesla,0.0,100.0,0.0,Bearish,1,1,100.0,8,8.0
2023-06-15,Tesla,0.0,0.0,0.0,Insufficient Data,0,1,0.0,0,0.0
2023-05-08,Alphabet,100.0,0.0,0.0,Bullish,1,1,100.0,15,15.0
2023-05-08,Microsoft,100.0,0.0,0.0,Bullish,1,1,100.0,15,15.0
2023-02-11,Tesla,0.0,0.0,0.0,Insufficient Data,0,1,0.0,0,0.0
2023-02-10,Amazon,100.0,0.0,0.0,Bullish,1,1,100.0,31,31.0
2022-12-25,Tesla,0.0,0.0,0.0,Insufficient Data,0,1,0.0,0,0.0
2022-09-14,Tesla,0.0,0.0,0.0,Insufficient Data,0,1,0.0,0,0.0
2022-07-24,Amazon,0.0,0.0,0.0,Insufficient Data,0,1,0.0,0,0.0
2022-07-24,Alphabet,0.0,0.0,0.0,Insufficient Data,0,1,0.0,0,0.0
2022-07-24,Microsoft,0.0,0.0,0.0,Insufficient Data,0,1,0.0,0,0.0
2022-07-24,Nvidia,0.0,0.0,0.0,Insufficient Data,0,1,0.0,0,0.0
2022-07-14,Apple,0.0,0.0,0.0,Insufficient Data,0,1,0.0,0,0.0
2022-07-14,Meta,0.0,0.0,0.0,Insufficient Data,0,1,0.0,0,0.0
2022-07-14,Tesla,0.0,0.0,0.0,Insufficient Data,0,1,0.0,0,0.0
2022-06-06,Tesla,0.0,0.0,100.0,Neutral,1,1,100.0,11,11.0
2022-05-11,Apple,0.0,0.0,0.0,Insufficient Data,0,1,0.0,0,0.0
2022-05-11,Nvidia,0.0,0.0,0.0,Insufficient Data,0,1,0.0,0,0.0
2022-04-25,Alphabet,100.0,0.0,0.0,Bullish,1,1,100.0,8,8.0
2022-04-18,Apple,0.0,0.0,0.0,Insufficient Data,0,1,0.0,0,0.0
2022-04-03,Apple,100.0,0.0,0.0,Bullish,1,1,100.0,3,3.0
2022-04-01,Alphabet,100.0,0.0,0.0,Bullish,1,1,100.0,30,30.0
2022-03-23,Amazon,0.0,0.0,0.0,Insufficient Data,0,1,0.0,0,0.0
2022-03-23,Alphabet,0.0,0.0,0.0,Insufficient Data,0,1,0.0,0,0.0
2022-03-23,Nvidia,0.0,0.0,0.0,Insufficient Data,0,1,0.0,0,0.0
2022-03-23,Tesla,0.0,0.0,0.0,Insufficient Data,0,1,0.0,0,0.0
2022-03-19,Alphabet,100.0,0.0,0.0,Bullish,1,1,100.0,23,23.0
2022-03-16,Apple,0.0,0.0,0.0,Insufficient Data,0,1,0.0,0,0.0
2022-03-16,Alphabet,100.0,0.0,0.0,Bullish,1,1,100.0,3,3.0
2022-03-03,Nvidia,0.0,0.0,0.0,Insufficient Data,0,1,0.0,0,0.0
2022-03-03,Tesla,0.0,0.0,0.0,Insufficient Data,0,1,0.0,0,0.0
2022-03-01,Nvidia,0.0,0.0,0.0,Insufficient Data,0,1,0.0,0,0.0
2022-01-18,Meta,100.0,0.0,0.0,Bullish,1,1,100.0,4,4.0
2022-01-10,Microsoft,100.0,0.0,0.0,Bullish,1,1,100.0,3,3.0
2021-12-29,Apple,100.0,0.0,0.0,Bullish,1,1,100.0,6,6.0
2021-12-15,Apple,100.0,0.0,0.0,Bullish,1,1,100.0,13,13.0
2021-12-15,Tesla,100.0,0.0,0.0,Bullish,1,1,100.0,15,15.0
2021-12-09,Meta,100.0,0.0,0.0,Bullish,3,3,100.0,22,7.333333333333333
2021-12-09,Tesla,0.0,0.0,0.0,Insufficient Data,0,1,0.0,0,0.0
2021-11-30,Apple,100.0,0.0,0.0,Bullish,1,1,100.0,8,8.0
2021-11-20,Apple,0.0,0.0,0.0,Insufficient Data,0,1,0.0,0,0.0
2021-11-14,Apple,100.0,0.0,0.0,Bullish,1,1,100.0,17,17.0
2021-11-14,Tesla,100.0,0.0,0.0,Bullish,1,1,100.0,17,17.0
2021-11-09,Apple,100.0,0.0,0.0,Bullish,1,1,100.0,12,12.0
2021-11-09,Tesla,100.0,0.0,0.0,Bullish,1,1,100.0,12,12.0
2021-10-23,Alphabet,100.0,0.0,0.0,Bullish,1,1,100.0,5,5.0
2021-10-23,Tesla,100.0,0.0,0.0,Bullish,1,1,100.0,31,31.0
2021-10-14,Apple,0.0,0.0,0.0,Insufficient Data,0,1,0.0,0,0.0
2021-10-14,Tesla,0.0,0.0,0.0,Insufficient Data,0,1,0.0,0,0.0
2021-09-23,Amazon,0.0,0.0,0.0,Insufficient Data,0,1,0.0,0,0.0
2021-09-23,Tesla,100.0,0.0,0.0,Bullish,1,1,100.0,9,9.0
2021-09-21,Meta,100.0,0.0,0.0,Bullish,1,1,100.0,3,3.0
2021-09-12,Apple,0.0,0.0,0.0,Insufficient Data,0,1,0.0,0,0.0
2021-09-12,Microsoft,0.0,100.0,0.0,Bearish,1,1,100.0,3,3.0
2021-09-09,Alphabet,100.0,0.0,0.0,Bullish,1,1,100.0,18,18.0
2021-08-30,Apple,100.0,0.0,0.0,Bullish,1,4,25.0,4,4.0
2021-08-30,Amazon,0.0,0.0,0.0,Insufficient Data,0,1,0.0,0,0.0
2021-08-30,Tesla,0.0,0.0,0.0,Insufficient Data,0,1,0.0,0,0.0
2021-08-26,Apple,0.0,0.0,0.0,Insufficient Data,0,1,0.0,0,0.0
2021-08-26,Alphabet,0.0,0.0,0.0,Insufficient Data,0,1,0.0,0,0.0
2021-08-26,Microsoft,0.0,0.0,0.0,Insufficient Data,0,1,0.0,0,0.0
2021-08-25,Alphabet,100.0,0.0,0.0,Bullish,1,1,100.0,6,6.0
2021-08-20,Apple,0.0,100.0,0.0,Bearish,1,3,33.33333333333333,15,15.0
2021-08-20,Microsoft,0.0,0.0,0.0,Insufficient Data,0,2,0.0,0,0.0
2024-12-09,Apple,0.0,0.0,0.0,Insufficient Data,0,2,0.0,0,0.0
2024-12-09,Amazon,100.0,0.0,0.0,Bullish,1,1,100.0,6,6.0
2024-12-09,Microsoft,100.0,0.0,0.0,Bullish,5,5,100.0,9,1.8
2024-12-09,Nvidia,100.0,0.0,0.0,Bullish,1,3,33.33333333333333,17,17.0
2024-12-08,Apple,0.0,0.0,0.0,Insufficient Data,0,1,0.0,0,0.0
2024-12-08,Amazon,100.0,0.0,0.0,Bullish,1,1,100.0,2,2.0
2024-12-08,Alphabet,0.0,0.0,0.0,Insufficient Data,0,1,0.0,0,0.0
2024-12-08,Microsoft,100.0,0.0,0.0,Bullish,4,4,100.0,119,29.75
2024-12-08,Nvidia,100.0,0.0,0.0,Bullish,2,3,66.66666666666666,107,53.5
2024-12-08,Tesla,100.0,0.0,0.0,Bullish,1,1,100.0,108,108.0
2024-12-07,Apple,100.0,0.0,0.0,Bullish,2,3,66.66666666666666,130,65.0
2024-12-07,Amazon,100.0,0.0,0.0,Bullish,1,1,100.0,68,68.0
2024-12-07,Microsoft,100.0,0.0,0.0,Bullish,3,5,60.0,134,44.666666666666664
2024-12-07,Nvidia,100.0,0.0,0.0,Bullish,2,5,40.0,127,63.5
2024-12-07,Tesla,100.0,0.0,0.0,Bullish,1,1,100.0,119,119.0
2024-12-06,Apple,100.0,0.0,0.0,Bullish,1,3,33.33333333333333,8,8.0
2024-12-06,Alphabet,0.0,0.0,0.0,Insufficient Data,0,1,0.0,0,0.0
2024-12-06,Nvidia,100.0,0.0,0.0,Bullish,1,2,50.0,9,9.0
2024-12-05,Apple,100.0,0.0,0.0,Bullish,1,1,100.0,6,6.0
2024-12-05,Amazon,100.0,0.0,0.0,Bullish,1,1,100.0,1,1.0
2024-12-05,Microsoft,100.0,0.0,0.0,Bullish,4,5,80.0,430,107.5
2024-12-05,Nvidia,100.0,0.0,0.0,Bullish,1,3,33.33333333333333,7,7.0
2024-12-03,Apple,0.0,0.0,0.0,Insufficient Data,0,1,0.0,0,0.0
2024-12-03,Amazon,16.666666666666664,83.33333333333334,0.0,Bearish,3,4,75.0,42,14.0
2024-12-03,Alphabet,100.0,0.0,0.0,Bullish,1,1,100.0,10,10.0
2024-12-03,Meta,100.0,0.0,0.0,Bullish,1,1,100.0,10,10.0
2024-12-03,Microsoft,100.0,0.0,0.0,Bullish,4,4,100.0,42,10.5
2024-12-03,Nvidia,30.0,70.0,0.0,Bearish,2,5,40.0,50,25.0
2024-12-01,Amazon,100.0,0.0,0.0,Bullish,1,1,100.0,1,1.0
2024-12-01,Alphabet,0.0,100.0,0.0,Bearish,1,1,100.0,33,33.0
2024-12-01,Meta,0.0,100.0,0.0,Bearish,1,1,100.0,33,33.0
2024-12-01,Microsoft,0.0,0.0,0.0,Insufficient Data,0,1,0.0,0,0.0
2024-12-01,Nvidia,25.0,75.0,0.0,Bearish,2,2,100.0,44,22.0
2024-11-30,Alphabet,100.0,0.0,0.0,Bullish,1,1,100.0,1,1.0
2024-11-30,Microsoft,100.0,0.0,0.0,Bullish,2,3,66.66666666666666,4,2.0
2024-11-30,Nvidia,100.0,0.0,0.0,Bullish,2,2,100.0,10,5.0
2024-11-30,Tesla,100.0,0.0,0.0,Bullish,2,3,66.66666666666666,379,189.5
2024-11-28,Apple,0.0,0.0,0.0,Insufficient Data,0,1,0.0,0,0.0
2024-11-28,Amazon,100.0,0.0,0.0,Bullish,1,1,100.0,1,1.0
2024-11-28,Alphabet,100.0,0.0,0.0,Bullish,2,2,100.0,23,11.5
2024-11-28,Microsoft,100.0,0.0,0.0,Bullish,3,5,60.0,46,15.333333333333334
2024-11-28,Nvidia,100.0,0.0,0.0,Bullish,1,1,100.0,12,12.0
2024-11-27,Amazon,100.0,0.0,0.0,Bullish,2,2,100.0,8,4.0
2024-11-27,Microsoft,100.0,0.0,0.0,Bullish,5,6,83.33333333333334,11,2.2
2024-11-27,Nvidia,100.0,0.0,0.0,Bullish,1,1,100.0,11,11.0
2024-11-27,Tesla,0.0,0.0,0.0,Insufficient Data,0,1,0.0,0,0.0
2024-11-26,Apple,100.0,0.0,0.0,Bullish,3,3,100.0,1021,340.3333333333333
2024-11-26,Amazon,100.0,0.0,0.0,Bullish,1,1,100.0,1,1.0
2024-11-26,Alphabet,100.0,0.0,0.0,Bullish,3,3,100.0,9,3.0
2024-11-26,Meta,100.0,0.0,0.0,Bullish,1,1,100.0,1,1.0
2024-11-26,Microsoft,100.0,0.0,0.0,Bullish,5,6,83.33333333333334,35,7.0
2024-11-26,Nvidia,63.80368098159509,36.19631901840491,0.0,Bullish,4,6,66.66666666666666,163,40.75
2024-11-26,Tesla,100.0,0.0,0.0,Bullish,1,2,50.0,42,42.0
2024-11-25,Apple,100.0,0.0,0.0,Bullish,1,1,100.0,2,2.0
2024-11-25,Amazon,100.0,0.0,0.0,Bullish,1,1,100.0,3,3.0
2024-11-25,Alphabet,0.0,0.0,0.0,Insufficient Data,0,1,0.0,0,0.0
2024-11-25,Microsoft,54.54545454545454,0.0,45.45454545454545,Bullish,6,7,85.71428571428571,44,7.333333333333333
2024-11-25,Nvidia,100.0,0.0,0.0,Bullish,2,3,66.66666666666666,51,25.5
2024-11-24,Apple,100.0,0.0,0.0,Bullish,1,1,100.0,12,12.0
2024-11-24,Amazon,100.0,0.0,0.0,Bullish,1,1,100.0,2,2.0
2024-11-24,Microsoft,100.0,0.0,0.0,Bullish,4,5,80.0,34,8.5
2024-11-24,Nvidia,100.0,0.0,0.0,Bullish,2,3,66.66666666666666,236,118.0
2024-11-24,Tesla,100.0,0.0,0.0,Bullish,1,1,100.0,176,176.0
2024-11-22,Apple,100.0,0.0,0.0,Bullish,1,1,100.0,162,162.0
2024-11-22,Nvidia,100.0,0.0,0.0,Bullish,2,5,40.0,3,1.5
2024-11-22,Tesla,100.0,0.0,0.0,Bullish,1,1,100.0,59,59.0
2024-11-21,Apple,0.0,0.0,0.0,Insufficient Data,0,1,0.0,0,0.0
2024-11-21,Amazon,100.0,0.0,0.0,Bullish,1,2,50.0,1,1.0
2024-11-21,Microsoft,100.0,0.0,0.0,Bullish,7,9,77.77777777777779,13,1.8571428571428572
2024-11-21,Nvidia,100.0,0.0,0.0,Bullish,3,4,75.0,146,48.666666666666664
2024-11-21,Tesla,100.0,0.0,0.0,Bullish,3,4,75.0,310,103.33333333333333
2024-11-20,Amazon,100.0,0.0,0.0,Bullish,1,1,100.0,1,1.0
2024-11-20,Alphabet,100.0,0.0,0.0,Bullish,1,1,100.0,1,1.0
2024-11-20,Microsoft,100.0,0.0,0.0,Bullish,4,8,50.0,15,3.75
2024-11-20,Nvidia,100.0,0.0,0.0,Bullish,2,3,66.66666666666666,146,73.0
2024-11-19,Apple,0.0,0.0,0.0,Insufficient Data,0,1,0.0,0,0.0
2024-11-19,Amazon,100.0,0.0,0.0,Bullish,1,1,100.0,1,1.0
2024-11-19,Alphabet,100.0,0.0,0.0,Bullish,1,2,50.0,2,2.0
2024-11-19,Meta,100.0,0.0,0.0,Bullish,1,1,100.0,1102,1102.0
2024-11-19,Microsoft,100.0,0.0,0.0,Bullish,4,6,66.66666666666666,11,2.75
2024-11-19,Nvidia,100.0,0.0,0.0,Bullish,3,5,60.0,155,51.666666666666664
2024-11-18,Apple,0.0,0.0,0.0,Insufficient Data,0,1,0.0,0,0.0
2024-11-18,Amazon,100.0,0.0,0.0,Bullish,1,1,100.0,5,5.0
2024-11-18,Alphabet,100.0,0.0,0.0,Bullish,1,1,100.0,7,7.0
2024-11-18,Microsoft,100.0,0.0,0.0,Bullish,2,5,40.0,22,11.0
2024-11-18,Nvidia,100.0,0.0,0.0,Bullish,4,10,40.0,126,31.5
2024-11-18,Tesla,100.0,0.0,0.0,Bullish,1,1,100.0,4,4.0
2024-11-15,Amazon,100.0,0.0,0.0,Bullish,2,3,66.66666666666666,48,24.0
2024-11-15,Microsoft,100.0,0.0,0.0,Bullish,3,5,60.0,59,19.666666666666668
2024-11-15,Nvidia,100.0,0.0,0.0,Bullish,1,2,50.0,8,8.0
2024-11-15,Tesla,100.0,0.0,0.0,Bullish,2,3,66.66666666666666,11,5.5
2024-11-14,Apple,0.0,100.0,0.0,Bearish,1,2,50.0,13,13.0
2024-11-14,Amazon,66.66666666666666,33.33333333333333,0.0,Bullish,3,4,75.0,39,13.0
2024-11-14,Alphabet,0.0,100.0,0.0,Bearish,1,2,50.0,13,13.0
2024-11-14,Meta,76.78571428571429,23.214285714285715,0.0,Bullish,2,2,100.0,56,28.0
2024-11-14,Microsoft,76.78571428571429,23.214285714285715,0.0,Bullish,4,7,57.14285714285714,56,14.0
2024-11-14,Nvidia,81.15942028985508,18.84057971014493,0.0,Bullish,4,8,50.0,69,17.25
2024-11-14,Tesla,100.0,0.0,0.0,Bullish,1,1,100.0,32,32.0
2024-11-13,Amazon,100.0,0.0,0.0,Bullish,1,1,100.0,1,1.0
2024-11-13,Meta,0.0,0.0,0.0,Insufficient Data,0,1,0.0,0,0.0
2024-11-13,Microsoft,0.0,0.0,0.0,Insufficient Data,0,2,0.0,0,0.0
2024-11-13,Nvidia,100.0,0.0,0.0,Bullish,2,4,50.0,103,51.5
2024-11-13,Tesla,100.0,0.0,0.0,Bullish,1,2,50.0,18,18.0
2024-11-12,Apple,100.0,0.0,0.0,Bullish,1,1,100.0,2,2.0
2024-11-12,Amazon,100.0,0.0,0.0,Bullish,2,2,100.0,29,14.5
2024-11-12,Alphabet,100.0,0.0,0.0,Bullish,1,1,100.0,14,14.0
2024-11-12,Microsoft,100.0,0.0,0.0,Bullish,2,4,50.0,13,6.5
2024-11-12,Nvidia,100.0,0.0,0.0,Bullish,2,5,40.0,38,19.0
2024-11-12,Tesla,0.0,0.0,0.0,Insufficient Data,0,1,0.0,0,0.0
2024-11-11,Apple,0.0,0.0,0.0,Insufficient Data,0,2,0.0,0,0.0
2024-11-11,Amazon,100.0,0.0,0.0,Bullish,1,1,100.0,1,1.0
2024-11-11,Alphabet,100.0,0.0,0.0,Bullish,1,1,100.0,1,1.0
2024-11-11,Microsoft,100.0,0.0,0.0,Bullish,5,6,83.33333333333334,80,16.0
2024-11-11,Nvidia,100.0,0.0,0.0,Bullish,1,1,100.0,8,8.0
2024-11-10,Amazon,100.0,0.0,0.0,Bullish,2,3,66.66666666666666,237,118.5
2024-11-10,Alphabet,100.0,0.0,0.0,Bullish,1,1,100.0,63,63.0
2024-11-10,Meta,100.0,0.0,0.0,Bullish,1,2,50.0,236,236.0
2024-11-10,Microsoft,100.0,0.0,0.0,Bullish,3,3,100.0,2,0.6666666666666666
2024-11-10,Nvidia,100.0,0.0,0.0,Bullish,2,5,40.0,528,264.0
2024-11-09,Apple,100.0,0.0,0.0,Bullish,2,2,100.0,702,351.0
2024-11-09,Meta,0.0,0.0,0.0,Insufficient Data,0,1,0.0,0,0.0
2024-11-09,Microsoft,100.0,0.0,0.0,Bullish,5,5,100.0,7,1.4
2024-11-09,Nvidia,100.0,0.0,0.0,Bullish,1,1,100.0,8,8.0
2024-11-09,Tesla,100.0,0.0,0.0,Bullish,1,1,100.0,46,46.0
2024-11-08,Microsoft,94.73684210526315,0.0,5.263157894736842,Bullish,3,4,75.0,19,6.333333333333333
2024-11-08,Nvidia,18.65671641791045,0.0,81.34328358208955,Neutral,4,7,57.14285714285714,134,33.5
2024-11-08,Tesla,100.0,0.0,0.0,Bullish,2,2,100.0,1127,563.5
2024-11-07,Amazon,100.0,0.0,0.0,Bullish,1,1,100.0,1,1.0
2024-11-07,Alphabet,100.0,0.0,0.0,Bullish,2,2,100.0,33,16.5
2024-11-07,Microsoft,100.0,0.0,0.0,Bullish,4,5,80.0,1,0.25
2024-11-07,Nvidia,100.0,0.0,0.0,Bullish,3,4,75.0,540,180.0
2024-11-07,Tesla,100.0,0.0,0.0,Bullish,2,2,100.0,238,119.0
2024-11-06,Apple,99.35304990757857,0.0,0.6469500924214419,Bullish,4,5,80.0,1082,270.5
2024-11-06,Amazon,100.0,0.0,0.0,Bullish,2,2,100.0,2,1.0
2024-11-06,Microsoft,100.0,0.0,0.0,Bullish,2,2,100.0,1,0.5
2024-11-06,Nvidia,100.0,0.0,0.0,Bullish,1,3,33.33333333333333,16,16.0
2024-11-05,Amazon,100.0,0.0,0.0,Bullish,1,1,100.0,1,1.0
2024-11-05,Alphabet,100.0,0.0,0.0,Bullish,2,2,100.0,7,3.5
2024-11-05,Microsoft,100.0,0.0,0.0,Bullish,2,3,66.66666666666666,12,6.0
2024-11-05,Nvidia,100.0,0.0,0.0,Bullish,2,4,50.0,44,22.0
2024-11-05,Tesla,100.0,0.0,0.0,Bullish,1,1,100.0,28,28.0
2024-11-04,Apple,100.0,0.0,0.0,Bullish,1,2,50.0,325,325.0
2024-11-04,Microsoft,100.0,0.0,0.0,Bullish,1,1,100.0,135,135.0
2024-11-04,Nvidia,100.0,0.0,0.0,Bullish,2,3,66.66666666666666,25,12.5
2024-10-31,Apple,100.0,0.0,0.0,Bullish,1,2,50.0,214,214.0
2024-10-31,Amazon,100.0,0.0,0.0,Bullish,2,3,66.66666666666666,3,1.5
2024-10-31,Alphabet,0.0,0.0,0.0,Insufficient Data,0,1,0.0,0,0.0
2024-10-31,Microsoft,78.57142857142857,0.0,21.428571428571427,Bullish,2,3,66.66666666666666,42,21.0
2024-10-31,Nvidia,100.0,0.0,0.0,Bullish,1,4,25.0,12,12.0
2024-10-30,Apple,100.0,0.0,0.0,Bullish,6,7,85.71428571428571,1548,258.0
2024-10-30,Microsoft,55.73770491803278,0.0,44.26229508196721,Bullish,3,3,100.0,61,20.333333333333332
2024-10-30,Nvidia,100.0,0.0,0.0,Bullish,4,7,57.14285714285714,153,38.25
2024-10-30,Tesla,100.0,0.0,0.0,Bullish,1,2,50.0,378,378.0
2024-10-27,Apple,0.0,0.0,0.0,Insufficient Data,0,1,0.0,0,0.0
2024-10-27,Amazon,100.0,0.0,0.0,Bullish,2,2,100.0,3,1.5
2024-10-27,Meta,100.0,0.0,0.0,Bullish,1,1,100.0,30,30.0
2024-10-27,Microsoft,100.0,0.0,0.0,Bullish,1,4,25.0,2,2.0
2024-10-27,Nvidia,100.0,0.0,0.0,Bullish,1,3,33.33333333333333,13,13.0
2024-10-26,Alphabet,0.0,0.0,0.0,Insufficient Data,0,1,0.0,0,0.0
2024-10-26,Microsoft,15.151515151515152,0.0,84.84848484848484,Neutral,4,5,80.0,99,24.75
2024-10-26,Nvidia,100.0,0.0,0.0,Bullish,1,1,100.0,7,7.0
2024-10-25,Amazon,0.0,0.0,0.0,Insufficient Data,0,1,0.0,0,0.0
2024-10-25,Alphabet,0.0,0.0,0.0,Insufficient Data,0,2,0.0,0,0.0
2024-10-25,Meta,100.0,0.0,0.0,Bullish,1,1,100.0,146,146.0
2024-10-25,Microsoft,100.0,0.0,0.0,Bullish,3,4,75.0,4,1.3333333333333333
2024-10-25,Nvidia,100.0,0.0,0.0,Bullish,1,2,50.0,8,8.0
2024-10-25,Tesla,100.0,0.0,0.0,Bullish,1,1,100.0,552,552.0
2024-10-23,Amazon,100.0,0.0,0.0,Bullish,1,1,100.0,1,1.0
2024-10-23,Microsoft,100.0,0.0,0.0,Bullish,3,5,60.0,16,5.333333333333333
2024-10-23,Nvidia,100.0,0.0,0.0,Bullish,1,3,33.33333333333333,11,11.0
2024-10-23,Tesla,100.0,0.0,0.0,Bullish,1,1,100.0,63,63.0
2024-10-18,Microsoft,100.0,0.0,0.0,Bullish,3,4,75.0,195,65.0
2024-10-18,Nvidia,100.0,0.0,0.0,Bullish,3,4,75.0,212,70.66666666666667
2024-10-18,Tesla,100.0,0.0,0.0,Bullish,1,1,100.0,37,37.0
2024-10-15,Apple,0.0,0.0,0.0,Insufficient Data,0,1,0.0,0,0.0
2024-10-15,Microsoft,100.0,0.0,0.0,Bullish,1,3,33.33333333333333,1,1.0
2024-10-15,Nvidia,100.0,0.0,0.0,Bullish,1,3,33.33333333333333,15,15.0
2024-10-15,Tesla,100.0,0.0,0.0,Bullish,2,2,100.0,93,46.5
2024-10-13,Apple,0.0,0.0,0.0,Insufficient Data,0,1,0.0,0,0.0
2024-10-13,Alphabet,100.0,0.0,0.0,Bullish,1,1,100.0,5,5.0
2024-10-13,Meta,100.0,0.0,0.0,Bullish,1,1,100.0,5,5.0
2024-10-13,Microsoft,100.0,0.0,0.0,Bullish,1,3,33.33333333333333,4,4.0
2024-10-13,Nvidia,100.0,0.0,0.0,Bullish,3,4,75.0,21,7.0
2024-10-13,Tesla,0.0,0.0,0.0,Insufficient Data,0,2,0.0,0,0.0
2024-10-11,Amazon,0.0,0.0,0.0,Insufficient Data,0,1,0.0,0,0.0
2024-10-11,Alphabet,0.0,0.0,0.0,Insufficient Data,0,1,0.0,0,0.0
2024-10-11,Microsoft,100.0,0.0,0.0,Bullish,3,5,60.0,2,0.6666666666666666
2024-10-11,Nvidia,100.0,0.0,0.0,Bullish,1,1,100.0,13,13.0
2024-10-10,Amazon,100.0,0.0,0.0,Bullish,1,1,100.0,1,1.0
2024-10-10,Alphabet,100.0,0.0,0.0,Bullish,1,1,100.0,4,4.0
2024-10-10,Microsoft,100.0,0.0,0.0,Bullish,6,7,85.71428571428571,14,2.3333333333333335
2024-10-10,Nvidia,100.0,0.0,0.0,Bullish,3,4,75.0,74,24.666666666666668
2024-10-09,Amazon,100.0,0.0,0.0,Bullish,1,1,100.0,2,2.0
2024-10-09,Alphabet,100.0,0.0,0.0,Bullish,1,1,100.0,11,11.0
2024-10-09,Microsoft,100.0,0.0,0.0,Bullish,1,1,100.0,41,41.0
2024-10-09,Nvidia,100.0,0.0,0.0,Bullish,2,3,66.66666666666666,54,27.0
2024-10-09,Tesla,100.0,0.0,0.0,Bullish,1,1,100.0,41,41.0
2024-10-08,Amazon,100.0,0.0,0.0,Bullish,1,1,100.0,1,1.0
2024-10-08,Nvidia,100.0,0.0,0.0,Bullish,4,6,66.66666666666666,112,28.0
2024-10-08,Tesla,100.0,0.0,0.0,Bullish,2,2,100.0,209,104.5
2024-10-06,Amazon,100.0,0.0,0.0,Bullish,1,1,100.0,1,1.0
2024-10-06,Alphabet,100.0,0.0,0.0,Bullish,2,2,100.0,2,1.0
2024-10-06,Microsoft,100.0,0.0,0.0,Bullish,1,1,100.0,119,119.0
2024-10-06,Nvidia,100.0,0.0,0.0,Bullish,3,3,100.0,191,63.666666666666664
2024-10-06,Tesla,100.0,0.0,0.0,Bullish,1,3,33.33333333333333,82,82.0
2024-09-30,Apple,100.0,0.0,0.0,Bullish,1,2,50.0,54,54.0
2024-09-30,Amazon,100.0,0.0,0.0,Bullish,2,3,66.66666666666666,41,20.5
2024-09-30,Alphabet,100.0,0.0,0.0,Bullish,2,2,100.0,94,47.0
2024-09-30,Microsoft,100.0,0.0,0.0,Bullish,1,2,50.0,39,39.0
2024-09-30,Nvidia,100.0,0.0,0.0,Bullish,3,5,60.0,108,36.0
2024-09-30,Tesla,0.0,0.0,0.0,Insufficient Data,0,1,0.0,0,0.0
2024-09-27,Nvidia,100.0,0.0,0.0,Bullish,1,2,50.0,12,12.0
2024-09-27,Tesla,100.0,0.0,0.0,Bullish,1,1,100.0,48,48.0
2024-09-26,Amazon,100.0,0.0,0.0,Bullish,2,2,100.0,7,3.5
2024-09-26,Microsoft,100.0,0.0,0.0,Bullish,1,1,100.0,5,5.0
2024-09-23,Amazon,100.0,0.0,0.0,Bullish,3,3,100.0,110,36.666666666666664
2024-09-23,Microsoft,100.0,0.0,0.0,Bullish,2,3,66.66666666666666,110,55.0
2024-09-23,Nvidia,100.0,0.0,0.0,Bullish,1,2,50.0,107,107.0
2024-09-23,Tesla,100.0,0.0,0.0,Bullish,1,1,100.0,124,124.0
2024-09-22,Amazon,100.0,0.0,0.0,Bullish,1,1,100.0,2,2.0
2024-09-20,Apple,100.0,0.0,0.0,Bullish,1,2,50.0,6,6.0
2024-09-18,Amazon,100.0,0.0,0.0,Bullish,1,1,100.0,2,2.0
2024-09-18,Microsoft,100.0,0.0,0.0,Bullish,1,1,100.0,1,1.0
2024-09-18,Tesla,100.0,0.0,0.0,Bullish,2,2,100.0,1593,796.5
2024-09-15,Amazon,100.0,0.0,0.0,Bullish,1,1,100.0,4,4.0
2024-09-13,Amazon,100.0,0.0,0.0,Bullish,1,1,100.0,22,22.0
2024-09-13,Microsoft,100.0,0.0,0.0,Bullish,1,1,100.0,22,22.0
2024-09-13,Nvidia,100.0,0.0,0.0,Bullish,1,1,100.0,22,22.0
2024-09-10,Amazon,100.0,0.0,0.0,Bullish,1,1,100.0,1,1.0
2024-09-08,Amazon,100.0,0.0,0.0,Bullish,1,1,100.0,2,2.0
2024-09-08,Microsoft,100.0,0.0,0.0,Bullish,1,1,100.0,42,42.0
2024-09-08,Nvidia,100.0,0.0,0.0,Bullish,1,1,100.0,42,42.0
2024-09-08,Tesla,100.0,0.0,0.0,Bullish,1,1,100.0,324,324.0
2024-09-04,Amazon,100.0,0.0,0.0,Bullish,2,2,100.0,2,1.0
2024-09-04,Microsoft,0.0,0.0,0.0,Insufficient Data,0,1,0.0,0,0.0
2024-09-04,Nvidia,100.0,0.0,0.0,Bullish,1,2,50.0,54,54.0
2024-09-03,Amazon,100.0,0.0,0.0,Bullish,1,1,100.0,1,1.0
2024-09-03,Alphabet,100.0,0.0,0.0,Bullish,1,1,100.0,88,88.0
2024-09-03,Microsoft,100.0,0.0,0.0,Bullish,1,1,100.0,88,88.0
2024-09-03,Nvidia,100.0,0.0,0.0,Bullish,1,1,100.0,88,88.0
2024-08-29,Amazon,100.0,0.0,0.0,Bullish,1,1,100.0,2,2.0
2024-08-29,Tesla,0.0,0.0,0.0,Insufficient Data,0,1,0.0,0,0.0
2024-08-28,Amazon,100.0,0.0,0.0,Bullish,1,1,100.0,1,1.0
2024-08-28,Microsoft,100.0,0.0,0.0,Bullish,1,1,100.0,91,91.0
2024-08-26,Amazon,100.0,0.0,0.0,Bullish,1,2,50.0,3,3.0
2024-08-26,Microsoft,0.0,0.0,0.0,Insufficient Data,0,1,0.0,0,0.0
2024-08-26,Tesla,100.0,0.0,0.0,Bullish,1,2,50.0,218,218.0
2024-08-25,Amazon,100.0,0.0,0.0,Bullish,1,1,100.0,3,3.0
2024-08-25,Alphabet,100.0,0.0,0.0,Bullish,1,1,100.0,9,9.0
2024-08-20,Amazon,100.0,0.0,0.0,Bullish,1,1,100.0,1,1.0
2024-08-19,Amazon,100.0,0.0,0.0,Bullish,1,1,100.0,1,1.0
2024-08-19,Tesla,100.0,0.0,0.0,Bullish,1,1,100.0,455,455.0
2024-08-15,Amazon,100.0,0.0,0.0,Bullish,1,1,100.0,2,2.0
2024-08-15,Microsoft,0.0,0.0,0.0,Insufficient Data,0,1,0.0,0,0.0
2024-08-12,Amazon,100.0,0.0,0.0,Bullish,1,1,100.0,2,2.0
2024-08-12,Tesla,0.0,0.0,0.0,Insufficient Data,0,1,0.0,0,0.0
2024-08-10,Alphabet,100.0,0.0,0.0,Bullish,1,1,100.0,10,10.0
2024-08-10,Tesla,100.0,0.0,0.0,Bullish,1,1,100.0,10,10.0
2024-08-06,Apple,100.0,0.0,0.0,Bullish,1,1,100.0,5,5.0
2024-08-06,Amazon,100.0,0.0,0.0,Bullish,1,1,100.0,2,2.0
2024-08-05,Apple,0.0,0.0,0.0,Insufficient Data,0,1,0.0,0,0.0
2024-08-05,Amazon,100.0,0.0,0.0,Bullish,1,1,100.0,3,3.0
2024-08-05,Nvidia,0.0,0.0,0.0,Insufficient Data,0,1,0.0,0,0.0
2024-08-05,Tesla,0.0,0.0,0.0,Insufficient Data,0,1,0.0,0,0.0
2024-08-03,Apple,0.0,0.0,100.0,Neutral,1,1,100.0,10,10.0
2024-08-03,Tesla,100.0,0.0,0.0,Bullish,1,1,100.0,1185,1185.0
2024-08-01,Apple,42.10526315789473,0.0,57.89473684210527,Neutral,2,2,100.0,19,9.5
2024-08-01,Amazon,100.0,0.0,0.0,Bullish,1,1,100.0,4,4.0
2024-08-01,Alphabet,100.0,0.0,0.0,Bullish,1,1,100.0,259,259.0
2024-08-01,Nvidia,0.0,0.0,0.0,Insufficient Data,0,1,0.0,0,0.0
2024-07-31,Amazon,100.0,0.0,0.0,Bullish,1,1,100.0,3,3.0
2024-07-31,Meta,100.0,0.0,0.0,Bullish,2,2,100.0,4,2.0
2024-07-26,Amazon,100.0,0.0,0.0,Bullish,1,1,100.0,23,23.0
2024-07-26,Microsoft,100.0,0.0,0.0,Bullish,1,1,100.0,23,23.0
2024-07-26,Tesla,0.0,0.0,0.0,Insufficient Data,0,1,0.0,0,0.0
2024-07-24,Amazon,100.0,0.0,0.0,Bullish,1,1,100.0,4,4.0
2024-07-24,Meta,100.0,0.0,0.0,Bullish,1,1,100.0,1,1.0
2024-07-22,Amazon,100.0,0.0,0.0,Bullish,1,1,100.0,2,2.0
2024-07-22,Nvidia,0.0,0.0,0.0,Insufficient Data,0,1,0.0,0,0.0
2024-07-22,Tesla,100.0,0.0,0.0,Bullish,1,1,100.0,13,13.0
2024-07-21,Amazon,100.0,0.0,0.0,Bullish,1,1,100.0,2,2.0
2024-07-19,Apple,100.0,0.0,0.0,Bullish,1,1,100.0,6,6.0
2024-07-19,Alphabet,100.0,0.0,0.0,Bullish,1,1,100.0,6,6.0
2024-07-19,Microsoft,100.0,0.0,0.0,Bullish,1,1,100.0,6,6.0
2024-07-18,Amazon,100.0,0.0,0.0,Bullish,1,1,100.0,2,2.0
2024-07-16,Apple,100.0,0.0,0.0,Bullish,1,1,100.0,3,3.0
2024-07-16,Amazon,100.0,0.0,0.0,Bullish,1,1,100.0,1,1.0
2024-07-15,Apple,0.0,0.0,0.0,Insufficient Data,0,2,0.0,0,0.0
2024-07-15,Amazon,100.0,0.0,0.0,Bullish,1,1,100.0,5,5.0
2024-11-01,Amazon,100.0,0.0,0.0,Bullish,1,2,50.0,127,127.0
2024-11-01,Alphabet,0.0,0.0,0.0,Insufficient Data,0,1,0.0,0,0.0
2024-11-01,Microsoft,100.0,0.0,0.0,Bullish,4,5,80.0,184,46.0
2024-11-01,Nvidia,100.0,0.0,0.0,Bullish,3,5,60.0,513,171.0
2024-10-24,Apple,0.0,0.0,100.0,Neutral,1,2,50.0,4,4.0
2024-10-24,Amazon,100.0,0.0,0.0,Bullish,2,2,100.0,1,0.5
2024-10-24,Microsoft,100.0,0.0,0.0,Bullish,4,5,80.0,5,1.25
2024-10-24,Nvidia,100.0,0.0,0.0,Bullish,1,1,100.0,10,10.0
2024-10-24,Tesla,0.0,0.0,0.0,Insufficient Data,0,1,0.0,0,0.0
2024-10-20,Apple,100.0,0.0,0.0,Bullish,2,2,100.0,174,87.0
2024-10-20,Amazon,100.0,0.0,0.0,Bullish,1,1,100.0,1,1.0
2024-10-20,Microsoft,0.0,0.0,0.0,Insufficient Data,0,2,0.0,0,0.0
2024-10-20,Nvidia,100.0,0.0,0.0,Bullish,3,5,60.0,142,47.333333333333336
2024-10-20,Tesla,0.0,0.0,0.0,Insufficient Data,0,1,0.0,0,0.0
2024-10-12,Meta,0.0,100.0,0.0,Bearish,1,2,50.0,6,6.0
2024-10-12,Microsoft,82.85714285714286,17.142857142857142,0.0,Bullish,5,5,100.0,35,7.0
2024-10-12,Nvidia,45.45454545454545,54.54545454545454,0.0,Bearish,2,2,100.0,11,5.5
2024-10-12,Tesla,89.47368421052632,10.526315789473683,0.0,Bullish,2,2,100.0,57,28.5
2024-10-03,Apple,0.0,0.0,0.0,Insufficient Data,0,1,0.0,0,0.0
2024-10-03,Amazon,100.0,0.0,0.0,Bullish,2,2,100.0,3,1.5
2024-10-03,Microsoft,0.0,0.0,0.0,Insufficient Data,0,1,0.0,0,0.0
2024-10-03,Nvidia,100.0,0.0,0.0,Bullish,2,4,50.0,61,30.5
2024-10-01,Amazon,100.0,0.0,0.0,Bullish,1,1,100.0,1,1.0
2024-10-01,Microsoft,0.0,100.0,0.0,Bearish,1,1,100.0,565,565.0
2024-10-01,Nvidia,2.857142857142857,94.9579831932773,2.1848739495798317,Bearish,3,3,100.0,595,198.33333333333334
2024-10-01,Tesla,100.0,0.0,0.0,Bullish,1,1,100.0,54,54.0
2024-09-19,Amazon,100.0,0.0,0.0,Bullish,1,1,100.0,3,3.0
2024-09-19,Alphabet,100.0,0.0,0.0,Bullish,1,1,100.0,1,1.0
2024-09-16,Amazon,100.0,0.0,0.0,Bullish,1,1,100.0,4,4.0
2024-09-16,Nvidia,0.0,0.0,0.0,Insufficient Data,0,1,0.0,0,0.0
2024-08-30,Nvidia,0.0,0.0,0.0,Insufficient Data,0,1,0.0,0,0.0
2024-08-21,Apple,0.0,0.0,100.0,Neutral,1,1,100.0,2,2.0
2024-08-21,Amazon,100.0,0.0,0.0,Bullish,1,1,100.0,1,1.0
2024-08-21,Nvidia,0.0,0.0,0.0,Insufficient Data,0,1,0.0,0,0.0
2024-07-30,Apple,100.0,0.0,0.0,Bullish,1,1,100.0,2,2.0
2024-07-30,Amazon,100.0,0.0,0.0,Bullish,1,1,100.0,1,1.0
2024-07-30,Alphabet,0.0,0.0,0.0,Insufficient Data,0,1,0.0,0,0.0
2024-07-30,Nvidia,100.0,0.0,0.0,Bullish,1,1,100.0,2,2.0
2024-07-29,Apple,0.0,0.0,0.0,Insufficient Data,0,1,0.0,0,0.0
2024-07-29,Amazon,100.0,0.0,0.0,Bullish,2,2,100.0,12,6.0
2024-07-25,Amazon,100.0,0.0,0.0,Bullish,1,1,100.0,1,1.0
2024-07-23,Apple,0.0,0.0,0.0,Insufficient Data,0,1,0.0,0,0.0
2024-07-23,Amazon,100.0,0.0,0.0,Bullish,1,1,100.0,1,1.0
2024-07-23,Alphabet,100.0,0.0,0.0,Bullish,1,1,100.0,4,4.0
2024-07-23,Meta,100.0,0.0,0.0,Bullish,1,1,100.0,1,1.0
2024-07-17,Apple,0.0,0.0,0.0,Insufficient Data,0,1,0.0,0,0.0
2024-07-17,Amazon,100.0,0.0,0.0,Bullish,1,1,100.0,2,2.0
2024-07-11,Apple,100.0,0.0,0.0,Bullish,1,2,50.0,2,2.0
2024-07-11,Amazon,100.0,0.0,0.0,Bullish,1,1,100.0,2,2.0
2024-07-11,Microsoft,100.0,0.0,0.0,Bullish,1,1,100.0,68,68.0
2024-07-08,Apple,100.0,0.0,0.0,Bullish,2,3,66.66666666666666,5,2.5
2024-07-08,Amazon,100.0,0.0,0.0,Bullish,1,1,100.0,5,5.0
2024-07-05,Apple,100.0,0.0,0.0,Bullish,1,1,100.0,1,1.0
2024-07-03,Apple,0.0,0.0,0.0,Insufficient Data,0,1,0.0,0,0.0
2024-07-03,Amazon,100.0,0.0,0.0,Bullish,1,1,100.0,4,4.0
2024-07-03,Tesla,0.0,0.0,0.0,Insufficient Data,0,1,0.0,0,0.0
2024-07-01,Apple,100.0,0.0,0.0,Bullish,2,2,100.0,58,29.0
2024-07-01,Amazon,100.0,0.0,0.0,Bullish,1,1,100.0,3,3.0
2024-07-01,Alphabet,100.0,0.0,0.0,Bullish,1,1,100.0,209,209.0
2024-07-01,Tesla,100.0,0.0,0.0,Bullish,3,3,100.0,290,96.66666666666667
2024-06-28,Apple,100.0,0.0,0.0,Bullish,1,3,33.33333333333333,11,11.0
2024-06-28,Microsoft,0.0,0.0,0.0,Insufficient Data,0,1,0.0,0,0.0
2024-06-28,Tesla,100.0,0.0,0.0,Bullish,1,2,50.0,335,335.0
2024-06-24,Tesla,100.0,0.0,0.0,Bullish,1,2,50.0,282,282.0
2024-06-23,Apple,0.0,0.0,0.0,Insufficient Data,0,1,0.0,0,0.0
2024-06-23,Amazon,100.0,0.0,0.0,Bullish,1,1,100.0,2,2.0
2024-06-22,Apple,100.0,0.0,0.0,Bullish,1,2,50.0,6,6.0
2024-06-21,Apple,100.0,0.0,0.0,Bullish,1,1,100.0,1,1.0
2024-06-21,Amazon,0.0,0.0,0.0,Insufficient Data,0,1,0.0,0,0.0
2024-06-21,Alphabet,0.0,0.0,0.0,Insufficient Data,0,1,0.0,0,0.0
2024-06-21,Meta,0.0,0.0,0.0,Insufficient Data,0,1,0.0,0,0.0
2024-06-21,Microsoft,0.0,0.0,0.0,Insufficient Data,0,1,0.0,0,0.0
2024-06-21,Nvidia,0.0,0.0,0.0,Insufficient Data,0,1,0.0,0,0.0
2024-06-21,Tesla,100.0,0.0,0.0,Bullish,1,1,100.0,1,1.0
2024-06-20,Apple,100.0,0.0,0.0,Bullish,1,1,100.0,4,4.0
2024-06-20,Amazon,100.0,0.0,0.0,Bullish,1,1,100.0,2,2.0
2024-06-20,Tesla,0.0,0.0,0.0,Insufficient Data,0,1,0.0,0,0.0
2024-06-18,Apple,100.0,0.0,0.0,Bullish,1,3,33.33333333333333,9,9.0
2024-06-18,Amazon,100.0,0.0,0.0,Bullish,1,1,100.0,1,1.0
2024-06-18,Nvidia,0.0,0.0,0.0,Insufficient Data,0,2,0.0,0,0.0
2024-06-18,Tesla,100.0,0.0,0.0,Bullish,1,1,100.0,84,84.0
2024-06-17,Apple,100.0,0.0,0.0,Bullish,1,5,20.0,3,3.0
2024-06-17,Amazon,100.0,0.0,0.0,Bullish,1,1,100.0,2,2.0
2024-06-17,Tesla,100.0,0.0,0.0,Bullish,1,2,50.0,795,795.0
2024-06-13,Apple,100.0,0.0,0.0,Bullish,2,2,100.0,15,7.5
2024-06-13,Amazon,100.0,0.0,0.0,Bullish,1,1,100.0,1,1.0
2024-06-12,Apple,0.0,0.0,0.0,Insufficient Data,0,1,0.0,0,0.0
2024-06-12,Tesla,0.0,0.0,0.0,Insufficient Data,0,3,0.0,0,0.0
2024-06-11,Amazon,100.0,0.0,0.0,Bullish,1,1,100.0,1,1.0
2024-06-01,Apple,100.0,0.0,0.0,Bullish,1,1,100.0,9,9.0
2024-06-01,Alphabet,100.0,0.0,0.0,Bullish,1,1,100.0,484,484.0
2024-06-01,Tesla,100.0,0.0,0.0,Bullish,1,1,100.0,484,484.0
2024-05-30,Amazon,100.0,0.0,0.0,Bullish,1,1,100.0,1,1.0
2024-05-24,Apple,0.0,0.0,100.0,Neutral,1,2,50.0,1,1.0
2024-05-24,Nvidia,0.0,0.0,0.0,Insufficient Data,0,1,0.0,0,0.0
2024-05-24,Tesla,100.0,0.0,0.0,Bullish,1,2,50.0,32,32.0
2024-05-20,Amazon,100.0,0.0,0.0,Bullish,1,1,100.0,3,3.0
2024-05-20,Tesla,0.0,0.0,0.0,Insufficient Data,0,2,0.0,0,0.0
2024-05-19,Apple,100.0,0.0,0.0,Bullish,1,1,100.0,2,2.0
2024-05-19,Amazon,100.0,0.0,0.0,Bullish,1,1,100.0,2,2.0
2024-05-19,Nvidia,0.0,0.0,0.0,Insufficient Data,0,1,0.0,0,0.0
2024-05-16,Amazon,100.0,0.0,0.0,Bullish,1,1,100.0,2,2.0
2024-05-16,Meta,100.0,0.0,0.0,Bullish,1,1,100.0,2,2.0
2024-05-16,Tesla,100.0,0.0,0.0,Bullish,1,3,33.33333333333333,21,21.0
2024-05-03,Apple,100.0,0.0,0.0,Bullish,1,1,100.0,3,3.0
2024-05-02,Amazon,100.0,0.0,0.0,Bullish,1,1,100.0,1,1.0
2024-05-02,Tesla,100.0,0.0,0.0,Bullish,1,1,100.0,36,36.0
2024-04-16,Apple,0.0,0.0,0.0,Insufficient Data,0,1,0.0,0,0.0
2024-04-16,Amazon,100.0,0.0,0.0,Bullish,2,2,100.0,10,5.0
2024-04-15,Apple,0.0,0.0,0.0,Insufficient Data,0,1,0.0,0,0.0
2024-04-15,Amazon,100.0,0.0,0.0,Bullish,1,1,100.0,1,1.0
2024-04-15,Microsoft,0.0,0.0,0.0,Insufficient Data,0,1,0.0,0,0.0
2024-04-15,Nvidia,0.0,0.0,0.0,Insufficient Data,0,1,0.0,0,0.0
2024-04-11,Amazon,100.0,0.0,0.0,Bullish,1,1,100.0,2,2.0
2024-04-05,Apple,100.0,0.0,0.0,Bullish,1,3,33.33333333333333,1,1.0
2024-04-05,Microsoft,0.0,0.0,0.0,Insufficient Data,0,1,0.0,0,0.0
2024-04-01,Apple,100.0,0.0,0.0,Bullish,1,2,50.0,3,3.0
2024-04-01,Amazon,100.0,0.0,0.0,Bullish,2,2,100.0,6,3.0
2024-04-01,Alphabet,100.0,0.0,0.0,Bullish,1,1,100.0,3,3.0
2024-04-01,Meta,100.0,0.0,0.0,Bullish,1,1,100.0,3,3.0
2024-04-01,Microsoft,100.0,0.0,0.0,Bullish,1,1,100.0,3,3.0
2024-04-01,Nvidia,100.0,0.0,0.0,Bullish,1,1,100.0,3,3.0
2024-03-27,Amazon,100.0,0.0,0.0,Bullish,1,1,100.0,1,1.0
2024-03-26,Amazon,100.0,0.0,0.0,Bullish,1,1,100.0,1,1.0
2024-03-26,Microsoft,100.0,0.0,0.0,Bullish,1,1,100.0,5,5.0
2024-03-12,Apple,0.0,0.0,0.0,Insufficient Data,0,1,0.0,0,0.0
2024-03-10,Apple,0.0,0.0,0.0,Insufficient Data,0,1,0.0,0,0.0
2024-03-08,Apple,100.0,0.0,0.0,Bullish,1,2,50.0,9,9.0
2024-03-08,Nvidia,0.0,0.0,0.0,Insufficient Data,0,1,0.0,0,0.0
2024-03-06,Apple,0.0,0.0,0.0,Insufficient Data,0,1,0.0,0,0.0
2024-03-05,Apple,100.0,0.0,0.0,Bullish,1,2,50.0,3,3.0
2024-03-03,Apple,0.0,0.0,0.0,Insufficient Data,0,1,0.0,0,0.0
2024-03-01,Apple,0.0,0.0,0.0,Insufficient Data,0,1,0.0,0,0.0
2024-03-01,Alphabet,0.0,0.0,0.0,Insufficient Data,0,1,0.0,0,0.0
2024-02-27,Apple,0.0,0.0,0.0,Insufficient Data,0,2,0.0,0,0.0
2024-02-27,Nvidia,0.0,0.0,0.0,Insufficient Data,0,1,0.0,0,0.0
2024-02-02,Apple,0.0,0.0,0.0,Insufficient Data,0,1,0.0,0,0.0
2024-01-29,Apple,100.0,0.0,0.0,Bullish,1,1,100.0,3,3.0
2024-01-29,Nvidia,0.0,0.0,0.0,Insufficient Data,0,1,0.0,0,0.0
2024-01-26,Apple,0.0,0.0,0.0,Insufficient Data,0,1,0.0,0,0.0
2024-01-20,Apple,0.0,0.0,0.0,Insufficient Data,0,1,0.0,0,0.0
2024-01-05,Apple,100.0,0.0,0.0,Bullish,1,1,100.0,2,2.0
2023-12-22,Apple,0.0,0.0,0.0,Insufficient Data,0,1,0.0,0,0.0
2023-12-20,Apple,0.0,0.0,0.0,Insufficient Data,0,1,0.0,0,0.0
2023-12-06,Apple,0.0,100.0,0.0,Bearish,1,1,100.0,10,10.0
2023-11-30,Apple,0.0,0.0,0.0,Insufficient Data,0,1,0.0,0,0.0
2023-11-22,Apple,0.0,0.0,0.0,Insufficient Data,0,1,0.0,0,0.0
2023-11-13,Apple,0.0,0.0,0.0,Insufficient Data,0,1,0.0,0,0.0
2023-11-04,Apple,0.0,0.0,0.0,Insufficient Data,0,1,0.0,0,0.0
2023-11-03,Apple,0.0,0.0,0.0,Insufficient Data,0,1,0.0,0,0.0
2023-10-30,Apple,0.0,0.0,0.0,Insufficient Data,0,1,0.0,0,0.0
2023-10-04,Apple,100.0,0.0,0.0,Bullish,1,1,100.0,4,4.0
2023-10-03,Apple,0.0,0.0,0.0,Insufficient Data,0,1,0.0,0,0.0
2023-09-27,Apple,0.0,100.0,0.0,Bearish,1,1,100.0,4,4.0
2023-09-20,Apple,0.0,0.0,0.0,Insufficient Data,0,1,0.0,0,0.0
2023-08-02,Apple,0.0,0.0,0.0,Insufficient Data,0,1,0.0,0,0.0
2023-07-05,Apple,100.0,0.0,0.0,Bullish,1,1,100.0,2,2.0
2023-07-03,Apple,100.0,0.0,0.0,Bullish,1,1,100.0,1,1.0
2023-06-17,Apple,100.0,0.0,0.0,Bullish,1,2,50.0,7,7.0
2023-04-26,Apple,0.0,0.0,0.0,Insufficient Data,0,1,0.0,0,0.0
2023-04-26,Meta,0.0,0.0,0.0,Insufficient Data,0,1,0.0,0,0.0
2023-03-22,Apple,0.0,0.0,0.0,Insufficient Data,0,1,0.0,0,0.0
2023-03-22,Amazon,0.0,0.0,0.0,Insufficient Data,0,1,0.0,0,0.0
2023-03-22,Alphabet,0.0,0.0,0.0,Insufficient Data,0,1,0.0,0,0.0
2023-03-22,Meta,0.0,0.0,0.0,Insufficient Data,0,1,0.0,0,0.0
2023-03-22,Microsoft,0.0,0.0,0.0,Insufficient Data,0,1,0.0,0,0.0
2023-03-22,Tesla,0.0,0.0,0.0,Insufficient Data,0,1,0.0,0,0.0
2023-03-06,Apple,0.0,0.0,0.0,Insufficient Data,0,1,0.0,0,0.0
2023-03-04,Apple,0.0,100.0,0.0,Bearish,1,1,100.0,6,6.0
2023-03-01,Alphabet,0.0,0.0,0.0,Insufficient Data,0,1,0.0,0,0.0
2022-12-29,Apple,0.0,0.0,0.0,Insufficient Data,0,1,0.0,0,0.0
2022-12-05,Apple,0.0,0.0,0.0,Insufficient Data,0,1,0.0,0,0.0
2022-11-28,Apple,0.0,0.0,0.0,Insufficient Data,0,1,0.0,0,0.0
2022-10-30,Apple,100.0,0.0,0.0,Bullish,1,1,100.0,5,5.0
2022-10-30,Nvidia,100.0,0.0,0.0,Bullish,1,1,100.0,5,5.0
2022-10-27,Apple,0.0,0.0,0.0,Insufficient Data,0,1,0.0,0,0.0
2022-10-24,Apple,100.0,0.0,0.0,Bullish,1,2,50.0,3,3.0
2022-08-01,Apple,0.0,0.0,0.0,Insufficient Data,0,1,0.0,0,0.0
2022-07-29,Apple,0.0,0.0,100.0,Neutral,1,1,100.0,5,5.0
2022-07-10,Apple,0.0,0.0,0.0,Insufficient Data,0,1,0.0,0,0.0
2022-07-07,Apple,100.0,0.0,0.0,Bullish,1,1,100.0,6,6.0
2022-06-01,Meta,0.0,0.0,0.0,Insufficient Data,0,1,0.0,0,0.0
2022-03-31,Apple,100.0,0.0,0.0,Bullish,1,1,100.0,7,7.0
2022-03-27,Apple,0.0,0.0,0.0,Insufficient Data,0,1,0.0,0,0.0
2022-02-20,Apple,0.0,0.0,0.0,Insufficient Data,0,1,0.0,0,0.0
2022-02-10,Apple,0.0,0.0,0.0,Insufficient Data,0,1,0.0,0,0.0
2022-01-23,Apple,100.0,0.0,0.0,Bullish,1,1,100.0,17,17.0
2022-01-23,Microsoft,0.0,0.0,0.0,Insufficient Data,0,1,0.0,0,0.0
2022-01-23,Nvidia,0.0,0.0,0.0,Insufficient Data,0,1,0.0,0,0.0
2022-01-21,Apple,0.0,0.0,0.0,Insufficient Data,0,1,0.0,0,0.0
2022-01-19,Apple,0.0,0.0,0.0,Insufficient Data,0,1,0.0,0,0.0
2022-01-13,Apple,100.0,0.0,0.0,Bullish,1,1,100.0,6,6.0
2022-01-11,Apple,0.0,0.0,0.0,Insufficient Data,0,1,0.0,0,0.0
2022-01-09,Apple,0.0,0.0,0.0,Insufficient Data,0,1,0.0,0,0.0
2022-01-06,Apple,0.0,0.0,0.0,Insufficient Data,0,1,0.0,0,0.0
2022-01-05,Apple,0.0,0.0,0.0,Insufficient Data,0,1,0.0,0,0.0
2021-12-28,Apple,100.0,0.0,0.0,Bullish,1,1,100.0,3,3.0
2021-12-27,Apple,0.0,0.0,0.0,Insufficient Data,0,1,0.0,0,0.0
2021-12-26,Apple,0.0,0.0,0.0,Insufficient Data,0,1,0.0,0,0.0
2021-12-25,Apple,100.0,0.0,0.0,Bullish,1,1,100.0,17,17.0
2021-12-25,Alphabet,100.0,0.0,0.0,Bullish,1,1,100.0,17,17.0
2021-12-24,Apple,0.0,0.0,0.0,Insufficient Data,0,1,0.0,0,0.0
2021-12-17,Apple,100.0,0.0,0.0,Bullish,1,1,100.0,6,6.0
2021-12-14,Meta,100.0,0.0,0.0,Bullish,1,1,100.0,28,28.0
2021-12-10,Apple,0.0,0.0,0.0,Insufficient Data,0,2,0.0,0,0.0
2021-12-08,Apple,100.0,0.0,0.0,Bullish,2,3,66.66666666666666,29,14.5
2021-12-07,Apple,10.526315789473683,0.0,89.47368421052632,Neutral,2,2,100.0,38,19.0
2021-12-07,Meta,100.0,0.0,0.0,Bullish,1,1,100.0,4,4.0
2021-12-02,Apple,0.0,0.0,100.0,Neutral,1,1,100.0,1,1.0
2021-11-22,Meta,100.0,0.0,0.0,Bullish,2,2,100.0,3,1.5
2021-11-17,Apple,100.0,0.0,0.0,Bullish,1,1,100.0,20,20.0
2021-11-01,Apple,100.0,0.0,0.0,Bullish,1,1,100.0,13,13.0
2021-10-31,Apple,0.0,0.0,0.0,Insufficient Data,0,1,0.0,0,0.0
2021-10-31,Microsoft,0.0,0.0,0.0,Insufficient Data,0,1,0.0,0,0.0
2021-10-31,Tesla,0.0,0.0,0.0,Insufficient Data,0,1,0.0,0,0.0
2021-10-29,Apple,100.0,0.0,0.0,Bullish,1,1,100.0,15,15.0
2021-10-15,Apple,0.0,0.0,0.0,Insufficient Data,0,1,0.0,0,0.0
2021-10-07,Apple,100.0,0.0,0.0,Bullish,1,1,100.0,6,6.0
2021-09-16,Apple,0.0,0.0,0.0,Insufficient Data,0,1,0.0,0,0.0
2021-09-14,Apple,100.0,0.0,0.0,Bullish,1,2,50.0,4,4.0
2021-08-22,Apple,0.0,0.0,0.0,Insufficient Data,0,1,0.0,0,0.0
2021-08-22,Alphabet,0.0,0.0,0.0,Insufficient Data,0,1,0.0,0,0.0
2021-08-22,Nvidia,0.0,0.0,0.0,Insufficient Data,0,1,0.0,0,0.0
2021-08-15,Apple,100.0,0.0,0.0,Bullish,1,1,100.0,16,16.0
2021-08-12,Apple,0.0,0.0,0.0,Insufficient Data,0,1,0.0,0,0.0
2021-08-11,Apple,100.0,0.0,0.0,Bullish,1,1,100.0,3,3.0
2021-08-11,Microsoft,0.0,0.0,0.0,Insufficient Data,0,1,0.0,0,0.0
2021-08-11,Tesla,100.0,0.0,0.0,Bullish,1,1,100.0,3,3.0
2021-08-09,Apple,0.0,0.0,0.0,Insufficient Data,0,1,0.0,0,0.0
2021-08-03,Apple,0.0,0.0,0.0,Insufficient Data,0,1,0.0,0,0.0
2021-07-30,Apple,0.0,0.0,0.0,Insufficient Data,0,2,0.0,0,0.0
2021-07-29,Apple,0.0,0.0,0.0,Insufficient Data,0,1,0.0,0,0.0
2021-07-27,Apple,0.0,50.0,50.0,Neutral,3,3,100.0,6,2.0
2021-07-26,Apple,0.0,0.0,0.0,Insufficient Data,0,1,0.0,0,0.0
2021-07-25,Apple,0.0,0.0,0.0,Insufficient Data,0,1,0.0,0,0.0
2021-07-24,Apple,0.0,0.0,0.0,Insufficient Data,0,1,0.0,0,0.0
2021-07-22,Apple,0.0,0.0,100.0,Neutral,1,2,50.0,1,1.0
2021-07-21,Apple,0.0,0.0,100.0,Neutral,1,1,100.0,8,8.0
2021-07-17,Apple,100.0,0.0,0.0,Bullish,1,1,100.0,4,4.0
2021-07-15,Apple,0.0,0.0,0.0,Insufficient Data,0,1,0.0,0,0.0
2021-07-09,Apple,0.0,0.0,0.0,Insufficient Data,0,2,0.0,0,0.0
2021-07-07,Apple,0.0,0.0,0.0,Insufficient Data,0,1,0.0,0,0.0
2021-07-03,Apple,0.0,0.0,0.0,Insufficient Data,0,1,0.0,0,0.0
2021-07-01,Apple,0.0,0.0,0.0,Insufficient Data,0,1,0.0,0,0.0
2021-06-30,Apple,100.0,0.0,0.0,Bullish,1,1,100.0,20,20.0
2021-06-25,Apple,100.0,0.0,0.0,Bullish,1,1,100.0,8,8.0
2021-06-24,Apple,0.0,0.0,100.0,Neutral,1,1,100.0,12,12.0
2021-06-23,Apple,100.0,0.0,0.0,Bullish,1,1,100.0,4,4.0
2021-06-23,Nvidia,100.0,0.0,0.0,Bullish,1,1,100.0,4,4.0
2021-06-22,Apple,0.0,0.0,0.0,Insufficient Data,0,1,0.0,0,0.0
2021-06-20,Apple,100.0,0.0,0.0,Bullish,2,2,100.0,7,3.5
2021-06-15,Apple,100.0,0.0,0.0,Bullish,2,2,100.0,14,7.0
2021-06-08,Apple,100.0,0.0,0.0,Bullish,1,3,33.33333333333333,4,4.0
2021-06-07,Apple,100.0,0.0,0.0,Bullish,2,2,100.0,11,5.5
2021-06-04,Apple,100.0,0.0,0.0,Bullish,1,1,100.0,11,11.0
2021-05-30,Apple,0.0,100.0,0.0,Bearish,1,1,100.0,11,11.0
2021-05-29,Apple,0.0,0.0,0.0,Insufficient Data,0,1,0.0,0,0.0
2021-05-29,Tesla,0.0,0.0,0.0,Insufficient Data,0,1,0.0,0,0.0
2021-05-24,Apple,100.0,0.0,0.0,Bullish,1,1,100.0,4,4.0
2021-05-21,Apple,0.0,0.0,100.0,Neutral,1,1,100.0,1,1.0
2021-05-14,Apple,100.0,0.0,0.0,Bullish,1,1,100.0,4,4.0
2021-05-14,Amazon,0.0,0.0,0.0,Insufficient Data,0,1,0.0,0,0.0
2021-05-14,Alphabet,100.0,0.0,0.0,Bullish,1,1,100.0,4,4.0
2021-05-14,Meta,0.0,0.0,0.0,Insufficient Data,0,1,0.0,0,0.0
2021-05-12,Apple,100.0,0.0,0.0,Bullish,1,1,100.0,24,24.0
2021-05-11,Apple,0.0,0.0,0.0,Insufficient Data,0,2,0.0,0,0.0
2021-05-10,Apple,0.0,0.0,0.0,Insufficient Data,0,2,0.0,0,0.0
2021-05-05,Apple,100.0,0.0,0.0,Bullish,1,1,100.0,4,4.0
2021-05-04,Apple,0.0,0.0,100.0,Neutral,1,2,50.0,3,3.0
2021-05-01,Apple,0.0,0.0,0.0,Insufficient Data,0,1,0.0,0,0.0
2021-04-29,Apple,100.0,0.0,0.0,Bullish,3,3,100.0,8,2.6666666666666665
2021-04-28,Apple,0.0,0.0,0.0,Insufficient Data,0,4,0.0,0,0.0
2021-04-27,Apple,0.0,0.0,0.0,Insufficient Data,0,1,0.0,0,0.0
2021-04-26,Apple,0.0,0.0,0.0,Insufficient Data,0,1,0.0,0,0.0
2021-04-25,Apple,0.0,0.0,0.0,Insufficient Data,0,1,0.0,0,0.0
2021-04-21,Apple,0.0,0.0,0.0,Insufficient Data,0,1,0.0,0,0.0
2021-04-20,Apple,0.0,0.0,0.0,Insufficient Data,0,1,0.0,0,0.0
2021-04-13,Apple,100.0,0.0,0.0,Bullish,2,2,100.0,13,6.5
2021-04-08,Apple,100.0,0.0,0.0,Bullish,1,1,100.0,13,13.0
2021-04-05,Apple,100.0,0.0,0.0,Bullish,1,1,100.0,19,19.0
2021-04-05,Tesla,100.0,0.0,0.0,Bullish,1,1,100.0,19,19.0
2021-04-02,Apple,0.0,0.0,100.0,Neutral,1,1,100.0,10,10.0
2021-03-31,Apple,0.0,0.0,0.0,Insufficient Data,0,1,0.0,0,0.0
2021-03-25,Tesla,0.0,0.0,0.0,Insufficient Data,0,1,0.0,0,0.0
2021-03-24,Apple,0.0,0.0,0.0,Insufficient Data,0,1,0.0,0,0.0
2021-03-20,Apple,100.0,0.0,0.0,Bullish,1,1,100.0,14,14.0
2021-03-18,Apple,100.0,0.0,0.0,Bullish,1,2,50.0,13,13.0
2021-03-17,Apple,100.0,0.0,0.0,Bullish,1,1,100.0,18,18.0
2021-03-17,Alphabet,0.0,0.0,0.0,Insufficient Data,0,1,0.0,0,0.0
2021-03-17,Nvidia,0.0,0.0,0.0,Insufficient Data,0,1,0.0,0,0.0
2021-03-10,Apple,0.0,0.0,0.0,Insufficient Data,0,1,0.0,0,0.0
2021-03-10,Tesla,100.0,0.0,0.0,Bullish,1,1,100.0,19,19.0
2021-03-09,Apple,100.0,0.0,0.0,Bullish,1,2,50.0,27,27.0
2021-03-08,Apple,0.0,0.0,0.0,Insufficient Data,0,3,0.0,0,0.0
2021-03-06,Apple,0.0,0.0,0.0,Insufficient Data,0,1,0.0,0,0.0
2021-03-04,Apple,100.0,0.0,0.0,Bullish,1,2,50.0,4,4.0
2021-03-03,Apple,100.0,0.0,0.0,Bullish,1,3,33.33333333333333,23,23.0
2021-03-02,Apple,100.0,0.0,0.0,Bullish,1,1,100.0,10,10.0
2021-03-02,Amazon,100.0,0.0,0.0,Bullish,1,1,100.0,10,10.0
2021-03-02,Tesla,100.0,0.0,0.0,Bullish,1,1,100.0,10,10.0
2021-02-28,Apple,0.0,0.0,0.0,Insufficient Data,0,1,0.0,0,0.0
2021-02-26,Apple,100.0,0.0,0.0,Bullish,1,3,33.33333333333333,1,1.0
2021-02-26,Tesla,100.0,0.0,0.0,Bullish,1,1,100.0,1,1.0
2021-02-25,Apple,100.0,0.0,0.0,Bullish,2,4,50.0,23,11.5
2021-02-25,Amazon,0.0,0.0,0.0,Insufficient Data,0,1,0.0,0,0.0
2021-02-25,Alphabet,0.0,0.0,0.0,Insufficient Data,0,1,0.0,0,0.0
2021-02-25,Tesla,100.0,0.0,0.0,Bullish,1,2,50.0,17,17.0
2021-02-24,Apple,100.0,0.0,0.0,Bullish,1,2,50.0,2,2.0
2021-02-24,Tesla,100.0,0.0,0.0,Bullish,1,1,100.0,2,2.0
2021-02-23,Apple,0.0,0.0,100.0,Neutral,1,2,50.0,8,8.0
2021-02-22,Apple,100.0,0.0,0.0,Bullish,1,6,16.666666666666664,28,28.0
2021-02-22,Tesla,100.0,0.0,0.0,Bullish,1,1,100.0,4,4.0
2021-02-20,Apple,0.0,0.0,0.0,Insufficient Data,0,1,0.0,0,0.0
2021-02-19,Apple,0.0,0.0,0.0,Insufficient Data,0,1,0.0,0,0.0
2024-11-23,Apple,100.0,0.0,0.0,Bullish,1,1,100.0,3,3.0
2024-11-23,Meta,100.0,0.0,0.0,Bullish,1,1,100.0,6,6.0
2024-11-23,Microsoft,100.0,0.0,0.0,Bullish,3,4,75.0,38,12.666666666666666
2024-11-23,Nvidia,100.0,0.0,0.0,Bullish,2,2,100.0,43,21.5
2024-11-03,Apple,100.0,0.0,0.0,Bullish,2,2,100.0,242,121.0
2024-11-03,Alphabet,0.0,0.0,0.0,Insufficient Data,0,1,0.0,0,0.0
2024-11-03,Meta,100.0,0.0,0.0,Bullish,1,1,100.0,242,242.0
2024-11-03,Microsoft,100.0,0.0,0.0,Bullish,2,3,66.66666666666666,128,64.0
2024-11-03,Nvidia,100.0,0.0,0.0,Bullish,1,3,33.33333333333333,12,12.0
2024-11-02,Amazon,0.0,0.0,0.0,Insufficient Data,0,1,0.0,0,0.0
2024-11-02,Alphabet,100.0,0.0,0.0,Bullish,1,1,100.0,2,2.0
2024-11-02,Meta,0.0,0.0,0.0,Insufficient Data,0,1,0.0,0,0.0
2024-11-02,Nvidia,100.0,0.0,0.0,Bullish,3,5,60.0,203,67.66666666666667
2022-08-02,Apple,100.0,0.0,0.0,Bullish,1,1,100.0,1,1.0
2021-09-15,Apple,0.0,0.0,0.0,Insufficient Data,0,1,0.0,0,0.0
2021-09-15,Meta,100.0,0.0,0.0,Bullish,1,1,100.0,8,8.0
2021-07-08,Apple,0.0,0.0,0.0,Insufficient Data,0,1,0.0,0,0.0
2021-05-31,Apple,0.0,100.0,0.0,Bearish,1,1,100.0,6,6.0
2021-04-16,Apple,0.0,0.0,0.0,Insufficient Data,0,1,0.0,0,0.0
2024-10-19,Alphabet,0.0,0.0,0.0,Insufficient Data,0,1,0.0,0,0.0
2024-10-19,Nvidia,100.0,0.0,0.0,Bullish,1,1,100.0,10,10.0
2024-10-16,Amazon,100.0,0.0,0.0,Bullish,1,1,100.0,1,1.0
2024-10-16,Alphabet,100.0,0.0,0.0,Bullish,1,2,50.0,6,6.0
2024-10-16,Microsoft,100.0,0.0,0.0,Bullish,2,3,66.66666666666666,8,4.0
2024-10-16,Nvidia,100.0,0.0,0.0,Bullish,1,2,50.0,18,18.0
2024-10-14,Alphabet,100.0,0.0,0.0,Bullish,1,1,100.0,289,289.0
2024-10-14,Microsoft,100.0,0.0,0.0,Bullish,3,5,60.0,6,2.0
2024-10-14,Nvidia,100.0,0.0,0.0,Bullish,4,5,80.0,117,29.25
2024-10-14,Tesla,100.0,0.0,0.0,Bullish,1,1,100.0,289,289.0
2024-10-07,Amazon,100.0,0.0,0.0,Bullish,2,2,100.0,106,53.0
2024-10-07,Alphabet,0.0,0.0,0.0,Insufficient Data,0,1,0.0,0,0.0
2024-10-07,Microsoft,100.0,0.0,0.0,Bullish,1,1,100.0,103,103.0
2024-10-07,Nvidia,100.0,0.0,0.0,Bullish,2,3,66.66666666666666,119,59.5
2024-10-05,Apple,0.0,0.0,0.0,Insufficient Data,0,1,0.0,0,0.0
2024-10-05,Alphabet,0.0,0.0,0.0,Insufficient Data,0,1,0.0,0,0.0
2024-10-05,Microsoft,100.0,0.0,0.0,Bullish,1,1,100.0,56,56.0
2024-10-05,Nvidia,100.0,0.0,0.0,Bullish,1,3,33.33333333333333,8,8.0
2024-10-05,Tesla,0.0,0.0,0.0,Insufficient Data,0,2,0.0,0,0.0
2024-10-02,Amazon,100.0,0.0,0.0,Bullish,1,1,100.0,1,1.0
2024-10-02,Microsoft,0.0,0.0,0.0,Insufficient Data,0,1,0.0,0,0.0
2024-10-02,Nvidia,100.0,0.0,0.0,Bullish,3,3,100.0,44,14.666666666666666
2024-09-29,Amazon,100.0,0.0,0.0,Bullish,1,1,100.0,1,1.0
2024-09-29,Meta,100.0,0.0,0.0,Bullish,1,1,100.0,263,263.0
2024-09-29,Nvidia,100.0,0.0,0.0,Bullish,2,3,66.66666666666666,275,137.5
2024-09-28,Nvidia,100.0,0.0,0.0,Bullish,1,1,100.0,12,12.0
2024-09-25,Amazon,100.0,0.0,0.0,Bullish,1,1,100.0,3,3.0
2024-09-25,Microsoft,100.0,0.0,0.0,Bullish,1,1,100.0,180,180.0
2024-09-24,Microsoft,100.0,0.0,0.0,Bullish,1,1,100.0,21,21.0
2024-09-24,Nvidia,0.0,0.0,0.0,Insufficient Data,0,1,0.0,0,0.0
2024-09-17,Meta,100.0,0.0,0.0,Bullish,1,1,100.0,6,6.0
2024-09-12,Amazon,100.0,0.0,0.0,Bullish,1,1,100.0,2,2.0
2024-09-12,Nvidia,100.0,0.0,0.0,Bullish,1,1,100.0,229,229.0
2024-09-12,Tesla,100.0,0.0,0.0,Bullish,1,1,100.0,408,408.0
2024-08-02,Alphabet,0.0,0.0,0.0,Insufficient Data,0,1,0.0,0,0.0
2024-08-02,Tesla,100.0,0.0,0.0,Bullish,1,1,100.0,8,8.0
2024-04-24,Amazon,100.0,0.0,0.0,Bullish,1,1,100.0,1,1.0
2024-04-24,Alphabet,100.0,0.0,0.0,Bullish,1,1,100.0,3,3.0
2024-04-21,Amazon,100.0,0.0,0.0,Bullish,1,1,100.0,1,1.0
2024-04-20,Nvidia,0.0,0.0,0.0,Insufficient Data,0,1,0.0,0,0.0
2024-02-29,Alphabet,0.0,0.0,0.0,Insufficient Data,0,1,0.0,0,0.0
2024-01-10,Meta,0.0,0.0,0.0,Insufficient Data,0,1,0.0,0,0.0
2023-08-31,Tesla,0.0,0.0,0.0,Insufficient Data,0,1,0.0,0,0.0
2023-08-12,Meta,0.0,0.0,0.0,Insufficient Data,0,1,0.0,0,0.0
2023-07-16,Meta,0.0,0.0,0.0,Insufficient Data,0,1,0.0,0,0.0
2023-06-18,Alphabet,0.0,0.0,0.0,Insufficient Data,0,1,0.0,0,0.0
2023-06-18,Tesla,100.0,0.0,0.0,Bullish,1,1,100.0,4,4.0
2023-06-12,Alphabet,0.0,0.0,0.0,Insufficient Data,0,1,0.0,0,0.0
2023-06-12,Meta,0.0,0.0,0.0,Insufficient Data,0,1,0.0,0,0.0
2023-03-16,Alphabet,0.0,0.0,0.0,Insufficient Data,0,1,0.0,0,0.0
2023-03-08,Tesla,0.0,0.0,0.0,Insufficient Data,0,1,0.0,0,0.0
2022-12-06,Meta,0.0,0.0,0.0,Insufficient Data,0,1,0.0,0,0.0
2022-10-02,Meta,0.0,0.0,0.0,Insufficient Data,0,1,0.0,0,0.0
2022-07-20,Meta,100.0,0.0,0.0,Bullish,1,1,100.0,1,1.0
2022-07-02,Meta,0.0,0.0,0.0,Insufficient Data,0,1,0.0,0,0.0
2022-04-14,Meta,0.0,0.0,0.0,Insufficient Data,0,1,0.0,0,0.0
2022-02-24,Meta,0.0,0.0,0.0,Insufficient Data,0,1,0.0,0,0.0
2022-02-06,Meta,0.0,0.0,0.0,Insufficient Data,0,1,0.0,0,0.0
2021-11-25,Meta,100.0,0.0,0.0,Bullish,1,1,100.0,9,9.0
2021-11-25,Tesla,100.0,0.0,0.0,Bullish,1,1,100.0,9,9.0
2021-11-03,Meta,100.0,0.0,0.0,Bullish,1,1,100.0,7,7.0
2021-09-05,Meta,100.0,0.0,0.0,Bullish,1,1,100.0,5,5.0
2021-08-28,Alphabet,100.0,0.0,0.0,Bullish,1,1,100.0,16,16.0
2021-07-23,Apple,0.0,0.0,0.0,Insufficient Data,0,1,0.0,0,0.0
2021-06-29,Tesla,0.0,0.0,100.0,Neutral,1,1,100.0,2,2.0
2017-12-19,Amazon,100.0,0.0,0.0,Bullish,1,1,100.0,4,4.0
2017-12-19,Alphabet,0.0,0.0,0.0,Insufficient Data,0,1,0.0,0,0.0
2024-09-01,Amazon,100.0,0.0,0.0,Bullish,1,1,100.0,4,4.0
2024-08-27,Amazon,100.0,0.0,0.0,Bullish,1,1,100.0,1,1.0
2024-08-27,Tesla,100.0,0.0,0.0,Bullish,1,1,100.0,2,2.0
2024-08-23,Microsoft,100.0,0.0,0.0,Bullish,1,1,100.0,23,23.0
2024-08-23,Nvidia,0.0,0.0,0.0,Insufficient Data,0,1,0.0,0,0.0
2024-08-13,Amazon,100.0,0.0,0.0,Bullish,1,1,100.0,1,1.0
2024-08-08,Amazon,100.0,0.0,0.0,Bullish,1,1,100.0,2,2.0
2024-08-08,Alphabet,0.0,0.0,0.0,Insufficient Data,0,1,0.0,0,0.0
2024-08-08,Meta,0.0,0.0,0.0,Insufficient Data,0,1,0.0,0,0.0
2024-07-28,Amazon,100.0,0.0,0.0,Bullish,1,1,100.0,3,3.0
2024-07-28,Tesla,100.0,0.0,0.0,Bullish,1,1,100.0,96,96.0
2024-07-14,Amazon,100.0,0.0,0.0,Bullish,1,1,100.0,6,6.0
2024-07-13,Microsoft,100.0,0.0,0.0,Bullish,1,1,100.0,5,5.0
2024-07-13,Tesla,100.0,0.0,0.0,Bullish,1,1,100.0,5,5.0
2024-07-07,Amazon,100.0,0.0,0.0,Bullish,2,2,100.0,7,3.5
2024-07-07,Tesla,100.0,0.0,0.0,Bullish,1,1,100.0,75,75.0
2024-06-30,Amazon,100.0,0.0,0.0,Bullish,1,1,100.0,1,1.0
2024-06-30,Nvidia,0.0,0.0,0.0,Insufficient Data,0,1,0.0,0,0.0
2024-06-30,Tesla,100.0,0.0,0.0,Bullish,4,4,100.0,62,15.5
2024-06-14,Tesla,100.0,0.0,0.0,Bullish,1,1,100.0,15,15.0
2024-06-09,Amazon,100.0,0.0,0.0,Bullish,1,1,100.0,1,1.0
2024-06-09,Tesla,100.0,0.0,0.0,Bullish,1,1,100.0,73,73.0
2024-06-08,Tesla,0.0,0.0,100.0,Neutral,1,1,100.0,468,468.0
2024-05-29,Tesla,100.0,0.0,0.0,Bullish,1,1,100.0,1103,1103.0
2024-05-27,Amazon,100.0,0.0,0.0,Bullish,1,1,100.0,2,2.0
2024-05-27,Tesla,0.0,0.0,100.0,Neutral,1,2,50.0,7,7.0
2024-05-26,Amazon,100.0,0.0,0.0,Bullish,1,1,100.0,1,1.0
2024-05-26,Tesla,0.0,0.0,0.0,Insufficient Data,0,1,0.0,0,0.0
2024-05-23,Amazon,100.0,0.0,0.0,Bullish,1,1,100.0,3,3.0
2024-05-23,Meta,100.0,0.0,0.0,Bullish,1,1,100.0,473,473.0
2024-05-23,Nvidia,100.0,0.0,0.0,Bullish,1,1,100.0,473,473.0
2024-05-23,Tesla,100.0,0.0,0.0,Bullish,1,1,100.0,473,473.0
2024-05-22,Amazon,100.0,0.0,0.0,Bullish,1,1,100.0,1,1.0
2024-05-22,Tesla,100.0,0.0,0.0,Bullish,1,1,100.0,268,268.0
2024-05-14,Amazon,100.0,0.0,0.0,Bullish,1,1,100.0,1,1.0
2024-05-13,Amazon,100.0,0.0,0.0,Bullish,1,1,100.0,2,2.0
2024-05-10,Tesla,100.0,0.0,0.0,Bullish,1,2,50.0,1500,1500.0
2024-05-09,Tesla,0.0,0.0,0.0,Insufficient Data,0,1,0.0,0,0.0
2024-05-08,Amazon,100.0,0.0,0.0,Bullish,1,1,100.0,1,1.0
2024-05-08,Tesla,0.0,0.0,0.0,Insufficient Data,0,1,0.0,0,0.0
2024-05-05,Amazon,100.0,0.0,0.0,Bullish,1,1,100.0,1,1.0
2024-05-01,Amazon,100.0,0.0,0.0,Bullish,1,1,100.0,1,1.0
2024-05-01,Nvidia,0.0,0.0,0.0,Insufficient Data,0,1,0.0,0,0.0
2024-05-01,Tesla,100.0,0.0,0.0,Bullish,1,1,100.0,16,16.0
2024-04-30,Amazon,100.0,0.0,0.0,Bullish,1,1,100.0,1,1.0
2024-04-30,Tesla,100.0,0.0,0.0,Bullish,2,2,100.0,1028,514.0
2024-04-28,Amazon,100.0,0.0,0.0,Bullish,1,1,100.0,1,1.0
2024-04-28,Tesla,100.0,0.0,0.0,Bullish,1,1,100.0,139,139.0
2024-04-26,Tesla,100.0,0.0,0.0,Bullish,2,5,40.0,614,307.0
2024-04-18,Amazon,100.0,0.0,0.0,Bullish,1,1,100.0,2,2.0
2024-04-17,Amazon,100.0,0.0,0.0,Bullish,1,1,100.0,1,1.0
2024-04-14,Amazon,100.0,0.0,0.0,Bullish,1,1,100.0,2,2.0
2024-04-10,Amazon,100.0,0.0,0.0,Bullish,1,1,100.0,1,1.0
2024-04-09,Amazon,100.0,0.0,0.0,Bullish,1,1,100.0,1,1.0
2024-04-07,Amazon,100.0,0.0,0.0,Bullish,1,1,100.0,1,1.0
2024-03-28,Amazon,100.0,0.0,0.0,Bullish,1,1,100.0,1,1.0
2024-03-15,Tesla,100.0,0.0,0.0,Bullish,1,1,100.0,4,4.0
2024-04-13,Microsoft,100.0,0.0,0.0,Bullish,1,1,100.0,6,6.0
2023-06-14,Tesla,0.0,0.0,0.0,Insufficient Data,0,1,0.0,0,0.0
2022-11-30,Alphabet,100.0,0.0,0.0,Bullish,1,1,100.0,2,2.0
2021-08-04,Tesla,0.0,0.0,0.0,Insufficient Data,0,1,0.0,0,0.0
2021-02-05,Alphabet,100.0,0.0,0.0,Bullish,1,1,100.0,2,2.0
2021-01-28,Alphabet,100.0,0.0,0.0,Bullish,1,1,100.0,2,2.0
2023-12-15,Tesla,0.0,0.0,0.0,Insufficient Data,0,1,0.0,0,0.0
